-- phpMyAdmin SQL Dump
-- version 5.1.0
-- https://www.phpmyadmin.net/
--
-- Servidor: 127.0.0.1
-- Tiempo de generación: 03-10-2021 a las 06:33:38
-- Versión del servidor: 10.4.18-MariaDB
-- Versión de PHP: 7.3.27

SET SQL_MODE = "NO_AUTO_VALUE_ON_ZERO";
START TRANSACTION;
SET time_zone = "+00:00";


/*!40101 SET @OLD_CHARACTER_SET_CLIENT=@@CHARACTER_SET_CLIENT */;
/*!40101 SET @OLD_CHARACTER_SET_RESULTS=@@CHARACTER_SET_RESULTS */;
/*!40101 SET @OLD_COLLATION_CONNECTION=@@COLLATION_CONNECTION */;
/*!40101 SET NAMES utf8mb4 */;

--
-- Base de datos: `rs_backend`
--

-- --------------------------------------------------------

--
-- Estructura de tabla para la tabla `failed_jobs`
--

CREATE TABLE `failed_jobs` (
  `id` bigint(20) UNSIGNED NOT NULL,
  `uuid` varchar(255) COLLATE utf8mb4_unicode_ci NOT NULL,
  `connection` text COLLATE utf8mb4_unicode_ci NOT NULL,
  `queue` text COLLATE utf8mb4_unicode_ci NOT NULL,
  `payload` longtext COLLATE utf8mb4_unicode_ci NOT NULL,
  `exception` longtext COLLATE utf8mb4_unicode_ci NOT NULL,
  `failed_at` timestamp NOT NULL DEFAULT current_timestamp()
) ENGINE=InnoDB DEFAULT CHARSET=utf8mb4 COLLATE=utf8mb4_unicode_ci;

-- --------------------------------------------------------

--
-- Estructura de tabla para la tabla `instagrams`
--

CREATE TABLE `instagrams` (
  `id` bigint(20) UNSIGNED NOT NULL,
  `user_id` bigint(20) UNSIGNED NOT NULL,
  `name` varchar(255) COLLATE utf8mb4_unicode_ci NOT NULL,
  `created_at` timestamp NULL DEFAULT NULL,
  `updated_at` timestamp NULL DEFAULT NULL
) ENGINE=InnoDB DEFAULT CHARSET=utf8mb4 COLLATE=utf8mb4_unicode_ci;

-- --------------------------------------------------------

--
-- Estructura de tabla para la tabla `likes`
--

CREATE TABLE `likes` (
  `id` bigint(20) UNSIGNED NOT NULL,
  `video_id` bigint(20) UNSIGNED NOT NULL,
  `user_id` bigint(20) UNSIGNED NOT NULL,
  `created_at` timestamp NULL DEFAULT NULL,
  `updated_at` timestamp NULL DEFAULT NULL
) ENGINE=InnoDB DEFAULT CHARSET=utf8mb4 COLLATE=utf8mb4_unicode_ci;

--
-- Volcado de datos para la tabla `likes`
--

INSERT INTO `likes` (`id`, `video_id`, `user_id`, `created_at`, `updated_at`) VALUES
(1, 11, 13, NULL, NULL),
(2, 10, 13, '2021-08-21 15:24:05', '2021-08-21 15:24:05'),
(3, 13, 13, '2021-08-21 15:34:23', '2021-08-21 15:34:23'),
(4, 13, 13, '2021-08-21 15:34:50', '2021-08-21 15:34:50'),
(5, 11, 13, '2021-08-21 18:10:06', '2021-08-21 18:10:06'),
(6, 10, 13, '2021-08-21 19:32:11', '2021-08-21 19:32:11'),
(7, 10, 13, '2021-08-21 19:32:40', '2021-08-21 19:32:40'),
(8, 13, 13, '2021-08-21 20:03:16', '2021-08-21 20:03:16'),
(9, 13, 13, '2021-08-24 17:33:48', '2021-08-24 17:33:48'),
(10, 12, 13, '2021-08-24 17:33:54', '2021-08-24 17:33:54'),
(11, 13, 14, '2021-08-24 18:31:54', '2021-08-24 18:31:54'),
(12, 10, 14, '2021-08-24 19:56:08', '2021-08-24 19:56:08'),
(13, 12, 14, '2021-08-24 19:58:21', '2021-08-24 19:58:21'),
(14, 11, 14, '2021-08-24 20:32:42', '2021-08-24 20:32:42'),
(15, 12, 34, '2021-09-08 03:46:01', '2021-09-08 03:46:01'),
(16, 12, 34, '2021-09-08 03:46:03', '2021-09-08 03:46:03'),
(17, 12, 34, '2021-09-08 03:46:04', '2021-09-08 03:46:04'),
(18, 12, 34, '2021-09-08 03:46:04', '2021-09-08 03:46:04'),
(19, 12, 34, '2021-09-08 03:46:05', '2021-09-08 03:46:05'),
(20, 12, 34, '2021-09-08 03:46:06', '2021-09-08 03:46:06'),
(21, 12, 34, '2021-09-08 03:46:06', '2021-09-08 03:46:06'),
(22, 12, 34, '2021-09-08 03:46:08', '2021-09-08 03:46:08'),
(23, 12, 34, '2021-09-08 03:46:32', '2021-09-08 03:46:32'),
(24, 13, 34, '2021-09-08 03:46:46', '2021-09-08 03:46:46'),
(25, 13, 34, '2021-09-08 03:47:22', '2021-09-08 03:47:22'),
(26, 13, 34, '2021-09-08 03:47:23', '2021-09-08 03:47:23'),
(27, 13, 34, '2021-09-08 03:47:23', '2021-09-08 03:47:23'),
(28, 13, 34, '2021-09-08 03:47:24', '2021-09-08 03:47:24'),
(29, 13, 34, '2021-09-08 03:47:24', '2021-09-08 03:47:24'),
(30, 13, 34, '2021-09-08 03:47:25', '2021-09-08 03:47:25'),
(31, 13, 34, '2021-09-08 03:47:25', '2021-09-08 03:47:25'),
(32, 13, 34, '2021-09-08 03:47:26', '2021-09-08 03:47:26'),
(33, 13, 34, '2021-09-08 03:47:26', '2021-09-08 03:47:26'),
(34, 13, 34, '2021-09-08 03:47:26', '2021-09-08 03:47:26'),
(35, 13, 34, '2021-09-08 03:47:27', '2021-09-08 03:47:27'),
(36, 13, 34, '2021-09-08 03:47:27', '2021-09-08 03:47:27'),
(37, 13, 34, '2021-09-08 03:47:28', '2021-09-08 03:47:28'),
(38, 13, 34, '2021-09-08 03:47:28', '2021-09-08 03:47:28'),
(39, 13, 34, '2021-09-08 03:47:29', '2021-09-08 03:47:29'),
(40, 13, 34, '2021-09-08 03:47:29', '2021-09-08 03:47:29'),
(41, 13, 34, '2021-09-08 03:47:29', '2021-09-08 03:47:29'),
(42, 13, 34, '2021-09-08 03:47:29', '2021-09-08 03:47:29'),
(43, 13, 34, '2021-09-08 03:47:30', '2021-09-08 03:47:30'),
(44, 13, 34, '2021-09-08 03:47:30', '2021-09-08 03:47:30');

-- --------------------------------------------------------

--
-- Estructura de tabla para la tabla `migrations`
--

CREATE TABLE `migrations` (
  `id` int(10) UNSIGNED NOT NULL,
  `migration` varchar(255) COLLATE utf8mb4_unicode_ci NOT NULL,
  `batch` int(11) NOT NULL
) ENGINE=InnoDB DEFAULT CHARSET=utf8mb4 COLLATE=utf8mb4_unicode_ci;

--
-- Volcado de datos para la tabla `migrations`
--

INSERT INTO `migrations` (`id`, `migration`, `batch`) VALUES
(1, '2014_10_12_000000_create_users_table', 1),
(2, '2014_10_12_100000_create_password_resets_table', 1),
(3, '2016_06_01_000001_create_oauth_auth_codes_table', 1),
(4, '2016_06_01_000002_create_oauth_access_tokens_table', 1),
(5, '2016_06_01_000003_create_oauth_refresh_tokens_table', 1),
(6, '2016_06_01_000004_create_oauth_clients_table', 1),
(7, '2016_06_01_000005_create_oauth_personal_access_clients_table', 1),
(8, '2019_08_19_000000_create_failed_jobs_table', 1),
(9, '2021_08_07_011910_create_videos_table', 1),
(10, '2021_08_07_011954_create_likes_table', 1),
(11, '2021_08_07_012006_create_views_table', 1),
(12, '2021_08_07_012030_create_instagrams_table', 1);

-- --------------------------------------------------------

--
-- Estructura de tabla para la tabla `oauth_access_tokens`
--

CREATE TABLE `oauth_access_tokens` (
  `id` varchar(100) COLLATE utf8mb4_unicode_ci NOT NULL,
  `user_id` bigint(20) UNSIGNED DEFAULT NULL,
  `client_id` bigint(20) UNSIGNED NOT NULL,
  `name` varchar(255) COLLATE utf8mb4_unicode_ci DEFAULT NULL,
  `scopes` text COLLATE utf8mb4_unicode_ci DEFAULT NULL,
  `revoked` tinyint(1) NOT NULL,
  `created_at` timestamp NULL DEFAULT NULL,
  `updated_at` timestamp NULL DEFAULT NULL,
  `expires_at` datetime DEFAULT NULL
) ENGINE=InnoDB DEFAULT CHARSET=utf8mb4 COLLATE=utf8mb4_unicode_ci;

--
-- Volcado de datos para la tabla `oauth_access_tokens`
--

INSERT INTO `oauth_access_tokens` (`id`, `user_id`, `client_id`, `name`, `scopes`, `revoked`, `created_at`, `updated_at`, `expires_at`) VALUES
('011f594ff6ee94a0cc65a2f1d3fb255fedd4988c125864f3ae304c2e482d279321bd0c3ec0769b6e', 2, 2, NULL, '[\"*\"]', 0, '2021-08-13 13:09:03', '2021-08-13 13:09:03', '2022-08-13 09:09:03'),
('04ceefd569c3855bdc6245b55663e9e69c9398aa36a69372f677ab9f0339cce0e51b9fc694c2b902', 13, 2, NULL, '[\"*\"]', 0, '2021-08-20 20:35:13', '2021-08-20 20:35:13', '2022-08-20 16:35:13'),
('0519ce7a2f8f3edf805d5b493a8a5b6f5ff5f0fac9e55baff285d9c86e81ae1f408b0c157033248c', 13, 2, NULL, '[\"*\"]', 0, '2021-09-09 02:08:39', '2021-09-09 02:08:39', '2022-09-08 22:08:39'),
('0a9d13daa9d69ced6e141fedfc6d6e62e1522881b87dab21c5b6dea0d864224da3479379a1b1a425', 13, 2, NULL, '[\"*\"]', 0, '2021-09-08 00:14:08', '2021-09-08 00:14:08', '2022-09-07 20:14:08'),
('0f93d34c93763468c01223350767e18aa9597d316d392794df3f2ba3ca65d6de63d5277463b1560a', 2, 2, NULL, '[\"*\"]', 0, '2021-08-13 13:01:46', '2021-08-13 13:01:46', '2022-08-13 09:01:46'),
('14912d467c903f0ace779f269281b58539024742c8d53a2561dc7296a7fd38c98c248c2dff440ebb', 14, 2, NULL, '[\"*\"]', 0, '2021-08-24 18:30:00', '2021-08-24 18:30:00', '2022-08-24 14:30:00'),
('1540e4cd8b72f929e41f05edbdfad7920b83a97edc8c398e217dd560de0feff8dd3da4e3bdd97fe6', 33, 2, NULL, '[\"*\"]', 0, '2021-09-08 03:42:21', '2021-09-08 03:42:21', '2022-09-07 23:42:21'),
('18d7b5708ab26757bb1f7d6626a37984b92c8e0ee92ac421194b702e09b396847e7dbbdab07a1f3e', 13, 2, NULL, '[\"*\"]', 0, '2021-09-08 06:04:29', '2021-09-08 06:04:29', '2022-09-08 02:04:29'),
('1b056ed03eaef8da31d0ff92b55a07cae409d6ff4336e07a0368d8bd1f2c0d93f9df55a8d98d5ad1', 24, 2, NULL, '[\"*\"]', 0, '2021-09-08 03:34:23', '2021-09-08 03:34:23', '2022-09-07 23:34:23'),
('1c5a5c25ba1ef0ceb33f07e894976d4ba3162a5cf23f7e3790ca9ea24c5561db4bfa1b73a76d31f2', 2, 2, NULL, '[\"*\"]', 0, '2021-08-13 12:58:40', '2021-08-13 12:58:40', '2022-08-13 08:58:40'),
('1ced2a6bf01da1eb3426a6c89a8902ccebf00a0f0d4b16b424d2a646ed2a63772654cdcf487ac609', 13, 2, NULL, '[\"*\"]', 0, '2021-09-08 03:51:03', '2021-09-08 03:51:03', '2022-09-07 23:51:03'),
('1d13d24ce31b003fb215963e079d70bb56270bf2b205760cbea4c8ae36afb8235cf73bb23294b4cf', 13, 2, NULL, '[\"*\"]', 0, '2021-09-08 06:31:22', '2021-09-08 06:31:22', '2022-09-08 02:31:22'),
('209e3e0fe7426052b1f76dde4153a13ac889f3bd92f49a6aa8d3fcfa827c9467f8437f98bf24bb00', 1, 2, NULL, '[\"*\"]', 0, '2021-08-18 21:41:55', '2021-08-18 21:41:55', '2022-08-18 17:41:55'),
('20a53f54e1e4618c2273affcba4e068e95bc8bbff7dad96d4cd9a33eacacaa0212fb59c84b1b4140', 13, 2, NULL, '[\"*\"]', 0, '2021-08-21 19:53:46', '2021-08-21 19:53:46', '2022-08-21 15:53:46'),
('2617f1fba4887559a89f05b1d1f84042605d943e3e819ddaaf05a48fd32fc843ecc7c560ad65b8d9', 1, 2, NULL, '[\"*\"]', 0, '2021-08-18 21:38:19', '2021-08-18 21:38:19', '2022-08-18 17:38:19'),
('2796ba44528aa9d5ba0409b19d2fb3934563935fd41a0c5109204a92ce221c12af4f5a68cc4c1e6f', 2, 2, NULL, '[\"*\"]', 0, '2021-08-13 13:08:42', '2021-08-13 13:08:42', '2022-08-13 09:08:42'),
('27e0d831f7a73c70b34795c0a6c45a49be94e4fa35564cca54d218eb7550d8bcdceb8cab2eeed293', 13, 2, NULL, '[\"*\"]', 0, '2021-08-21 19:53:48', '2021-08-21 19:53:48', '2022-08-21 15:53:48'),
('2df2aafcc0c4f60e0d7c721eba1d77d0bfc6bb301828f29d668dc0eba04b6bcbc1b7fa7949983df5', 2, 2, NULL, '[\"*\"]', 0, '2021-08-13 13:01:41', '2021-08-13 13:01:41', '2022-08-13 09:01:41'),
('2e4873628ac4555d146170ad6de7e0ed003dcfc16b5ce6f7c8b7e42b718342d7e60d0d81c9713665', 13, 2, NULL, '[\"*\"]', 0, '2021-09-08 03:16:11', '2021-09-08 03:16:11', '2022-09-07 23:16:11'),
('2e77c311db2c0807a1296e10bcedc735948a0943c2ab4f624218c56637480a5269be1469e09688c0', 2, 2, NULL, '[\"*\"]', 0, '2021-08-18 18:21:26', '2021-08-18 18:21:26', '2022-08-18 14:21:26'),
('2f036a5ad2dd016a9678a1ee1780e8380c62e99fe7a4baa342927a6dac681067fd2e5ac57929b4e0', 2, 2, NULL, '[\"*\"]', 0, '2021-08-18 21:23:54', '2021-08-18 21:23:54', '2022-08-18 17:23:54'),
('2f86dff4300f8feec1f48b2e19d5e010673a694a5c11c676c58feb8b00728d53a42e0c875ac0fa92', 13, 2, NULL, '[\"*\"]', 0, '2021-09-08 00:01:36', '2021-09-08 00:01:36', '2022-09-07 20:01:36'),
('2f8d17e987517d0e0a5d56b1e032c24b7bf6f30711481a7f1b338f12898a260e9ffbeb4693786be9', 2, 2, NULL, '[\"*\"]', 0, '2021-08-13 13:28:23', '2021-08-13 13:28:23', '2022-08-13 09:28:23'),
('333f5276cf3cdd32ca2c42c84dc21155deda350f906a28bd772079e1764d06ba28a6dedb5a03a797', 1, 2, NULL, '[\"*\"]', 0, '2021-08-18 19:20:27', '2021-08-18 19:20:27', '2022-08-18 15:20:27'),
('35c0d5802832299f34e5832ed5793c06eff1778d1d69c51fd50c3f4af923b8503e39e05c56ccc929', 2, 2, NULL, '[\"*\"]', 0, '2021-08-18 18:21:28', '2021-08-18 18:21:28', '2022-08-18 14:21:28'),
('3883a12a51a222a24ce83300fb16fc46117c5d8dcc1c8877956c2d71ecd239bd9303a89b5fe946d7', 13, 2, NULL, '[\"*\"]', 0, '2021-09-08 04:39:57', '2021-09-08 04:39:57', '2022-09-08 00:39:57'),
('389770c9272a817fc5a6210ef496f0fc01cb809462142f38899ed315465ad5159162a69e4ae26fb2', 14, 2, NULL, '[\"*\"]', 0, '2021-08-24 19:41:00', '2021-08-24 19:41:00', '2022-08-24 15:41:00'),
('3c2da4a661399f8d5ff2b5cfa5e744c9632dc59bbe9725a293f253bfa3b389a8ec4606918d262c7d', 13, 2, NULL, '[\"*\"]', 0, '2021-09-08 00:07:08', '2021-09-08 00:07:08', '2022-09-07 20:07:08'),
('3f1c01677bdbd200b9cb8740a6f386a5cd52646d118fd8dfff443a15359652f963d6b4dd2584b43a', 2, 2, NULL, '[\"*\"]', 0, '2021-08-18 19:29:20', '2021-08-18 19:29:20', '2022-08-18 15:29:20'),
('40f7bfe8bc3078d367c3399f9b6cc9e5ce253241acd155ee8936f87c451be01bf66898b92f7bef38', 2, 2, NULL, '[\"*\"]', 0, '2021-08-13 13:08:43', '2021-08-13 13:08:43', '2022-08-13 09:08:43'),
('41e6a0d3c02bb4477f827ee3236def9c58b081e9fb9c6dd1cf8c88331ea43241c9b3331a6f61979c', 2, 2, NULL, '[\"*\"]', 0, '2021-08-13 12:59:35', '2021-08-13 12:59:35', '2022-08-13 08:59:35'),
('42ec4e93b824dc15f51ba936b4e391ebed75a94ffe7801dad0b2b321898652dd343ba63e789033f4', 2, 2, NULL, '[\"*\"]', 0, '2021-08-13 13:26:23', '2021-08-13 13:26:23', '2022-08-13 09:26:23'),
('4550ea465eb6656d23475ce21040b70d23173d4b2f7d8ed0643f63b9fe0472b7ad303ffbb108c028', 13, 2, NULL, '[\"*\"]', 0, '2021-08-24 19:41:12', '2021-08-24 19:41:12', '2022-08-24 15:41:12'),
('49e596bcdaf7ffe81489b3a91432b2c743ba92321b0c931f04610e91d3a0afa593e1f0eb41668849', 2, 2, NULL, '[\"*\"]', 0, '2021-08-13 13:36:48', '2021-08-13 13:36:48', '2022-08-13 09:36:48'),
('4aa13d4e2a030504f896088b108cf2cec4556b8a9eb97c1c96c430fe8958a03d52aeca795d38568a', 13, 2, NULL, '[\"*\"]', 0, '2021-09-09 02:08:48', '2021-09-09 02:08:48', '2022-09-08 22:08:48'),
('4e6e325b43e02faccd9d3cda5b36b7687fcef216458f1518ea296dc2ef8df8a1b0e99a9ff104c355', 32, 2, NULL, '[\"*\"]', 0, '2021-09-08 03:41:45', '2021-09-08 03:41:45', '2022-09-07 23:41:45'),
('4fcb744709bbfc5970198f9ec0ed5028dd6453040cad64dbf6549c251ec33826a19ef4013075ff9e', 29, 2, NULL, '[\"*\"]', 0, '2021-09-08 03:38:12', '2021-09-08 03:38:12', '2022-09-07 23:38:12'),
('503db7ae78b2a63e098f8c17aea3c393e2e3f2c87d75b0da24b9c354c7266e80fefab27c23e51719', 13, 2, NULL, '[\"*\"]', 0, '2021-09-08 04:28:19', '2021-09-08 04:28:19', '2022-09-08 00:28:19'),
('523b31ef26fb387bc031d383cb6d292fdea24646ec2b23ffcefc5feafa8b1fba70234c183d0db741', 13, 2, NULL, '[\"*\"]', 0, '2021-09-07 22:39:58', '2021-09-07 22:39:58', '2022-09-07 18:39:58'),
('547b5b4848c347981353f79ed168212f47b786e9a4d31932648b3d7ecd97c488020a06e058a77431', 13, 2, NULL, '[\"*\"]', 0, '2021-09-08 00:15:35', '2021-09-08 00:15:35', '2022-09-07 20:15:35'),
('54906fda2b8da0ea2ff9db4d15772d37411852c22c73500ba23ec929d79c43efa5fb90229c709201', 13, 2, NULL, '[\"*\"]', 0, '2021-09-07 23:59:05', '2021-09-07 23:59:05', '2022-09-07 19:59:05'),
('556314283e84ef17bde763e352c88b6562755b2cffa645ab3fc2cd725ecdd33c166a8db3da4a5ebb', 1, 2, NULL, '[\"*\"]', 0, '2021-08-18 19:20:30', '2021-08-18 19:20:30', '2022-08-18 15:20:30'),
('580ca65dfeb7ea2498d91ef52f5f2902a98e9ce534f399eadb33f184c9d9d2b498e11f0be57049f4', 2, 2, NULL, '[\"*\"]', 0, '2021-08-13 13:01:43', '2021-08-13 13:01:43', '2022-08-13 09:01:43'),
('59f6ee4c64f197be6a0d976a7c4e40c0faa513f818ce5c4d1ed6414a97cec76d47e069e36564c198', 27, 2, NULL, '[\"*\"]', 0, '2021-09-08 03:35:40', '2021-09-08 03:35:40', '2022-09-07 23:35:40'),
('5e494f80e17edb419765c096f24dd42bc6cddc93ffa023b069e4043dd9b66c8f6265711a7fe57421', 13, 2, NULL, '[\"*\"]', 0, '2021-09-08 04:08:49', '2021-09-08 04:08:49', '2022-09-08 00:08:49'),
('604e8c7fbb5a6a3d2b268c524769d1ffaebe076f52dc6adcba2a22ca15b95da69e9bf90a07c2e4cf', 13, 2, NULL, '[\"*\"]', 0, '2021-08-24 19:40:23', '2021-08-24 19:40:23', '2022-08-24 15:40:23'),
('61d292ea29b8446cb35a5392079e99e1da8f1eb441ae7cd0800979f8ae190a5493e34a4902fb0f08', 26, 2, NULL, '[\"*\"]', 0, '2021-09-08 03:35:24', '2021-09-08 03:35:24', '2022-09-07 23:35:24'),
('636414d1d4979064841355ae19acc075b2ee95fcea2b00a8504f21d0d73c6026855dc30d1253f3e8', 13, 2, NULL, '[\"*\"]', 0, '2021-09-08 00:33:55', '2021-09-08 00:33:55', '2022-09-07 20:33:55'),
('64d954e007f97976dfe78dcb3a5b9e7cc3c2986ffceec44321b1a5f803a596161e1ad21cac83b0f8', 2, 2, NULL, '[\"*\"]', 0, '2021-08-13 13:23:13', '2021-08-13 13:23:13', '2022-08-13 09:23:13'),
('65bd5ed4ea9188577d971dcff22cb8f3837e38702568cf9bb5884f5f2581c7ba348ebb489e767480', 13, 2, NULL, '[\"*\"]', 0, '2021-09-08 04:29:13', '2021-09-08 04:29:13', '2022-09-08 00:29:13'),
('66757934c6733649c3f8fdec8207badbebb289287253419124f77b69f3545c904e86f9c10dbe05bc', 34, 2, NULL, '[\"*\"]', 0, '2021-09-08 03:45:05', '2021-09-08 03:45:05', '2022-09-07 23:45:05'),
('6701babb137ceedf6f4864c51d77ee3235981d7de4968af03c109e809b1ee5dfecc796b245718418', 1, 2, NULL, '[\"*\"]', 0, '2021-08-20 19:59:26', '2021-08-20 19:59:26', '2022-08-20 15:59:26'),
('693b7de4e97954e6901b4b84aa8b7548f569167226e81ceb1fbcba3f3eb7a9e320217372436f03e4', 13, 2, NULL, '[\"*\"]', 0, '2021-09-08 04:03:35', '2021-09-08 04:03:35', '2022-09-08 00:03:35'),
('70f2e3cf52e71ef49710ff02a57d6e4fed7e51b3c2fa207d29dc6e7563ba5949ab537a738b0d4abd', 13, 2, NULL, '[\"*\"]', 0, '2021-08-24 19:40:06', '2021-08-24 19:40:06', '2022-08-24 15:40:06'),
('78da950172a9c8dcdc9f72397e5b792461588c79a04f2ff7aeefa06f3ff6d6e504966af15f85f621', 2, 2, NULL, '[\"*\"]', 0, '2021-08-13 13:24:56', '2021-08-13 13:24:56', '2022-08-13 09:24:56'),
('7e5ec6e28e176bc827b086b4575f4727c8bbe140896f6d4dca68b80025e9bab41366526fbb8258ad', 13, 2, NULL, '[\"*\"]', 0, '2021-09-30 05:05:49', '2021-09-30 05:05:49', '2022-09-30 01:05:49'),
('80834a1cfaf8b2fbb58872f034c920f9551e2815fcea6567c0c05f3803811bebb716c6a84fa2d0b2', 13, 2, NULL, '[\"*\"]', 0, '2021-09-30 05:05:52', '2021-09-30 05:05:52', '2022-09-30 01:05:52'),
('80dfb35031de1e34a9f3b7f3ef854277269bad9a66ab816cc2ac0b484579492b261cab37007140e7', 2, 2, NULL, '[\"*\"]', 0, '2021-08-13 13:01:10', '2021-08-13 13:01:10', '2022-08-13 09:01:10'),
('840ebb27ab801daa7d341ea79cbb93358188cc0346a9960b0749439351053f8d7bd3724fadbeab83', 2, 2, NULL, '[\"*\"]', 0, '2021-08-14 04:11:01', '2021-08-14 04:11:01', '2022-08-14 00:11:01'),
('856098791fcfb7780cdf1934d086ab0ab455bace40cc39736fef359e93af0a0710f39650e6975969', 2, 2, NULL, '[\"*\"]', 0, '2021-08-13 13:23:01', '2021-08-13 13:23:01', '2022-08-13 09:23:01'),
('86000abae5367f76487ea2fc5cacb6b76b675c56e9463adee66c555352706dcd3fbeb8157d46dbcd', 2, 2, NULL, '[\"*\"]', 0, '2021-08-18 21:37:27', '2021-08-18 21:37:27', '2022-08-18 17:37:27'),
('861b7d8ec502d340131bd3c0abf304c761e8fad45b051105700671e9a59425d09f07c248f720b150', 2, 2, NULL, '[\"*\"]', 0, '2021-08-18 21:42:15', '2021-08-18 21:42:15', '2022-08-18 17:42:15'),
('8c9f29989feec611513e8f480936840d5a2e1ab2b9d9624dd218e37b25b2d2f06abadc5532c2083f', 28, 2, NULL, '[\"*\"]', 0, '2021-09-08 03:37:57', '2021-09-08 03:37:57', '2022-09-07 23:37:57'),
('8dc9e92521c98e315849622a35c2909fcc2b29aee8adfb059c5126dcff3d9e3073f2b6e338a72c2d', 13, 2, NULL, '[\"*\"]', 0, '2021-08-20 20:19:36', '2021-08-20 20:19:36', '2022-08-20 16:19:36'),
('907e166501245c3a1ee511ffe13699e6fd90e91b26c71fb0bdaa1fad2a0862381321dde6bf22e903', 2, 2, NULL, '[\"*\"]', 0, '2021-08-13 13:29:08', '2021-08-13 13:29:08', '2022-08-13 09:29:08'),
('913be5ad8cfae38332d3c54cbd42df4be11d6f2a30ace7c0f282a4502efd2a9f6f9c900e54af6b79', 13, 2, NULL, '[\"*\"]', 0, '2021-08-24 19:39:43', '2021-08-24 19:39:43', '2022-08-24 15:39:43'),
('9448bd96b4ed666f7ee1edb61d1d40549196cb238b5809c64f75a4859c12654725f557399e55c81d', 13, 2, NULL, '[\"*\"]', 0, '2021-09-08 00:01:30', '2021-09-08 00:01:30', '2022-09-07 20:01:30'),
('95af129257e7abe7af238a0772663097a8d2662447dee6b876c0bc4a3caacdf08e43befe97110fad', 2, 2, NULL, '[\"*\"]', 0, '2021-08-18 21:43:12', '2021-08-18 21:43:12', '2022-08-18 17:43:12'),
('96167af9b4b376d011f8f4f97fbd059395f651e44d57ccab949c571ac7c59a0886cf2ee3f1f619e0', 2, 2, NULL, '[\"*\"]', 0, '2021-08-13 13:25:28', '2021-08-13 13:25:28', '2022-08-13 09:25:28'),
('9b7a685a8a89616c80e9232240f6663a71d7dfe14836a818e8b34126b8945659885043f7caa47479', 13, 2, NULL, '[\"*\"]', 0, '2021-09-08 04:20:48', '2021-09-08 04:20:48', '2022-09-08 00:20:48'),
('9de9a2cfb33663ff8029908277e2fa93006307e4738a5f5812bdcd5ec05bb00d587e20a934652684', 13, 2, NULL, '[\"*\"]', 0, '2021-08-21 19:53:41', '2021-08-21 19:53:41', '2022-08-21 15:53:41'),
('a8a50cce6d7e17c215c65d7281fe79f8499b11138d414b60681a1c6d327316996777ba3bcb640471', 30, 2, NULL, '[\"*\"]', 0, '2021-09-08 03:38:46', '2021-09-08 03:38:46', '2022-09-07 23:38:46'),
('a8c96b2ad2c452250b2147f7eda3367fdfc2212846d634791077df2773d9b1f943f839e9dc8d54fc', 13, 2, NULL, '[\"*\"]', 0, '2021-09-08 00:01:46', '2021-09-08 00:01:46', '2022-09-07 20:01:46'),
('aa06c4856675d426a91e4cb79cbb49fdde6dfbfedfe96be525bedfbe4a4ccdcfa341177423a3a30a', 13, 2, NULL, '[\"*\"]', 0, '2021-08-24 19:40:51', '2021-08-24 19:40:51', '2022-08-24 15:40:51'),
('aa8a02fad49e3eba299f983bcc23412197424f475498460f50ccf072b09e47d788f2fa0866a5d375', 13, 2, NULL, '[\"*\"]', 0, '2021-09-08 06:05:24', '2021-09-08 06:05:24', '2022-09-08 02:05:24'),
('acb2a3169960ea0a9c6c10b4978c515ed41659abb51777040394adef4f7364465d91a5873f4db074', 2, 2, NULL, '[\"*\"]', 0, '2021-08-13 13:01:15', '2021-08-13 13:01:15', '2022-08-13 09:01:15'),
('ae1cbb15e47354e0c774ec6ecea6ac4152c103370287e3ea1db70c5b52c26ae200022d87d4b0f605', 2, 2, NULL, '[\"*\"]', 0, '2021-08-13 13:44:34', '2021-08-13 13:44:34', '2022-08-13 09:44:34'),
('b140ae77d42da8e4a86028e2b123dfeb74f7f6b014ac56746e66d0e27bad8935c935405541dbeeee', 2, 2, NULL, '[\"*\"]', 0, '2021-08-18 19:21:07', '2021-08-18 19:21:07', '2022-08-18 15:21:07'),
('b22737f6f8194e33e068ac4bf956ee43e03fdbf5d2c75f04d1af81f5abc4a0673e76e6e260e48b12', 2, 2, NULL, '[\"*\"]', 0, '2021-08-13 12:59:55', '2021-08-13 12:59:55', '2022-08-13 08:59:55'),
('bab4822287c35896aca2b79bebc36b67a48dcb9bd6f753a4c0f57e66e2fa9d34fec769c3f3e27013', 1, 2, NULL, '[\"*\"]', 0, '2021-08-18 19:30:47', '2021-08-18 19:30:47', '2022-08-18 15:30:47'),
('bb6d8002e220cec22affcc232dae165df616b0015d27dfeeff588d2366999014b2be38b7a07b7f62', 2, 2, NULL, '[\"*\"]', 0, '2021-08-13 13:01:13', '2021-08-13 13:01:13', '2022-08-13 09:01:13'),
('c09a37fbbe37996ae7f913a806c31bcec2a61a44c97bef755cc9ac7cdc615b8a1e0f3a954a0314c5', 14, 2, NULL, '[\"*\"]', 0, '2021-08-24 19:37:00', '2021-08-24 19:37:00', '2022-08-24 15:37:00'),
('c1d76bd20f004081fa937bc5f325169fd8afb8795bdd7b1e4a2b30ae7dd71bdd82a9fb086dcc0e44', 2, 2, NULL, '[\"*\"]', 0, '2021-08-18 21:39:43', '2021-08-18 21:39:43', '2022-08-18 17:39:43'),
('c22dc60155124d77ddb5348e1cfb537f2ac9bd85c72caf79f123f707e51d8258b6b068f5481cfab8', 13, 2, NULL, '[\"*\"]', 0, '2021-08-21 19:53:49', '2021-08-21 19:53:49', '2022-08-21 15:53:49'),
('c2d5563c209e99878575de0035a27964c6e61214c0367cac7e357c9ef9c1e234f4985906a0dcc23b', 1, 2, NULL, '[\"*\"]', 0, '2021-08-13 12:26:46', '2021-08-13 12:26:46', '2022-08-13 08:26:46'),
('c7437f2a30588a54b3c35b8eaadc5d18911a2b636466dcc4e31314c7231ab22d6c8b8efbd5ca25e1', 13, 2, NULL, '[\"*\"]', 0, '2021-08-21 19:53:44', '2021-08-21 19:53:44', '2022-08-21 15:53:44'),
('ca3dea0da2dd9153736aa599cc8cf37c9266c2e5c17c970dbea8b0d87a108737da5e5f2c7ee5ea9b', 2, 2, NULL, '[\"*\"]', 0, '2021-08-13 13:25:54', '2021-08-13 13:25:54', '2022-08-13 09:25:54'),
('cbb7e16c1558cdb8112758cdfee8aee0f498b30cec2da04787f7b38f7a0a642870f547ff3842e9e5', 14, 2, NULL, '[\"*\"]', 0, '2021-08-20 20:27:31', '2021-08-20 20:27:31', '2022-08-20 16:27:31'),
('cd9581699603156a76ffa41d2742fc0136ae03bfc6e44d37449ad9962e3d92a312b4373c6188c770', 2, 2, NULL, '[\"*\"]', 0, '2021-08-13 19:57:53', '2021-08-13 19:57:53', '2022-08-13 15:57:53'),
('ce96f2f332505bbda76203b4b57cf4e58ebcf00a3363b65f4e20ff1238688e9dd951b75d31433f54', 2, 2, NULL, '[\"*\"]', 0, '2021-08-13 20:58:31', '2021-08-13 20:58:31', '2022-08-13 16:58:31'),
('d25f8635d0e7331b93d972985ffd9c94b91cbbb09b130c9a191df9e37daeda95caefe92a6f8f7ea7', 13, 2, NULL, '[\"*\"]', 0, '2021-09-09 02:05:57', '2021-09-09 02:05:57', '2022-09-08 22:05:57'),
('d402f8bfd0708f83e349214ff437ac51fc70276ec5ed473b8f3572ea1e2e8a9df084a9bf34367ab3', 2, 2, NULL, '[\"*\"]', 0, '2021-08-18 19:29:42', '2021-08-18 19:29:42', '2022-08-18 15:29:42'),
('d7ff803d65eed323eb8087a2b70af7294745ec03b5cd305363e8f8845cae6a82663fb6cd2c6f3acc', 13, 2, NULL, '[\"*\"]', 0, '2021-09-09 02:05:37', '2021-09-09 02:05:37', '2022-09-08 22:05:37'),
('d827664661576dc494b2d634de3a2b141ea881f8fef07dfcc9d201f8e7f50c4e202df518426e4a07', 14, 2, NULL, '[\"*\"]', 0, '2021-08-24 19:42:35', '2021-08-24 19:42:35', '2022-08-24 15:42:35'),
('d98d5e9ff197646a6fe5da16c9c157a55a8af83d7f41d20567ae95c267a77725b353122fff1ca503', 2, 2, NULL, '[\"*\"]', 0, '2021-08-13 14:18:38', '2021-08-13 14:18:38', '2022-08-13 10:18:38'),
('dbdfc87b5ccc27a6d9bb030963d7fb2a32e38b6ce80781a2e009103327ff651a9dc94ee537668b18', 2, 2, NULL, '[\"*\"]', 0, '2021-08-13 13:01:45', '2021-08-13 13:01:45', '2022-08-13 09:01:45'),
('df97f12f62c9ee40ef3f5a892793adbd09a600308957345cfddee61195c3ea02a957d541bd76acf2', 13, 2, NULL, '[\"*\"]', 0, '2021-09-08 04:17:18', '2021-09-08 04:17:18', '2022-09-08 00:17:18'),
('dfd42db5bc3fb284dcd4754e21d0d1aac0f4e0f428e5de1ad3e83c0842f3aa55ef4138aab8c1ec0a', 13, 2, NULL, '[\"*\"]', 0, '2021-09-08 00:00:36', '2021-09-08 00:00:36', '2022-09-07 20:00:36'),
('e14c2ecb9530ba77854b78fcc6ad80cd0e769ca04c150c93ab4e7a25cef6b052617e7e507da9cbf9', 23, 2, NULL, '[\"*\"]', 0, '2021-09-08 03:33:13', '2021-09-08 03:33:13', '2022-09-07 23:33:13'),
('e2923d5e72245cc0b08f827cf1fcaddfe99f303c5593afa72624502a4af9bfb9d7eb63f74b05ab82', 2, 2, NULL, '[\"*\"]', 0, '2021-08-13 13:01:44', '2021-08-13 13:01:44', '2022-08-13 09:01:44'),
('e3e596c7ef273b8daab9399f869ea763236b9a95eb78c2ded73c761f789c811d540f3be505c16603', 31, 2, NULL, '[\"*\"]', 0, '2021-09-08 03:39:56', '2021-09-08 03:39:56', '2022-09-07 23:39:56'),
('e3f00e4ff6e67199d7da2f9217afefaaad628c772a10d922fffdce3657d785a42c1e88fc5b8f42f7', 13, 2, NULL, '[\"*\"]', 0, '2021-09-08 00:01:50', '2021-09-08 00:01:50', '2022-09-07 20:01:50'),
('e5f7bc72b17e47e1a1b84e3ccab4096f9c3ecdf966052ca6cb32fa7f23a29e54e53233e6ef53c2ae', 13, 2, NULL, '[\"*\"]', 0, '2021-09-08 04:42:38', '2021-09-08 04:42:38', '2022-09-08 00:42:38'),
('e95a35c58b8d82dd1d505915aa9fe956c2c1a452f2f052084018c03e880b54696ada7396ee623699', 13, 2, NULL, '[\"*\"]', 0, '2021-09-08 01:11:45', '2021-09-08 01:11:45', '2022-09-07 21:11:45'),
('e962dd7de4f643b864bebd5a18fd56f08fbebeeacc8f25b11c80ef329e558a003997948e310d470e', 22, 2, NULL, '[\"*\"]', 0, '2021-09-08 03:32:40', '2021-09-08 03:32:40', '2022-09-07 23:32:40'),
('ea2ac2c7f4fbbeecfcf10811a92f51e95347d6c9867813d216d522f738f038c98bb6e0718c235952', 6, 2, NULL, '[\"*\"]', 0, '2021-08-13 12:25:53', '2021-08-13 12:25:53', '2022-08-13 08:25:53'),
('ec0ed96b301a21fc125c97a0804e29b8175818da6d4d13ae273325c07053f744e6bef847ca30961f', 2, 2, NULL, '[\"*\"]', 0, '2021-08-13 13:01:14', '2021-08-13 13:01:14', '2022-08-13 09:01:14'),
('ec73d2c8352a3bb190920d81d21e6f01a8a117210c434fd32d4de7d379fe00689ff89e675833b44a', 2, 2, NULL, '[\"*\"]', 0, '2021-08-13 13:01:50', '2021-08-13 13:01:50', '2022-08-13 09:01:50'),
('ec79eb056e720b58d5d403ee66cb29884c46901ad1497ae3782e9bd54869c4e82b0cd7a472905390', 13, 2, NULL, '[\"*\"]', 0, '2021-09-30 05:05:47', '2021-09-30 05:05:47', '2022-09-30 01:05:47'),
('ed4b982f50d015088d65b0afc75f7d7accac557d86b95090bab7349a069eb491fb25499801d58c6d', 13, 2, NULL, '[\"*\"]', 0, '2021-09-08 03:35:57', '2021-09-08 03:35:57', '2022-09-07 23:35:57'),
('ee8a4afbf7ab595e3d073146cad9425a993b1ec921e9abe5d99f8dacf1ed394402fcefdc3cd75b7f', 2, 2, NULL, '[\"*\"]', 0, '2021-08-13 13:00:10', '2021-08-13 13:00:10', '2022-08-13 09:00:10'),
('f074693c47c4b2f2fd11d7701cea279ca8ad084c76e66a99a5aa4d53065fb7196b1de413c3eb74a3', 13, 2, NULL, '[\"*\"]', 0, '2021-09-08 04:41:04', '2021-09-08 04:41:04', '2022-09-08 00:41:04'),
('f55db93d758ae975a166c0c8c38c6e53da4318c73a3700ed3efc028a824298e4f3c60447922042ac', 2, 2, NULL, '[\"*\"]', 0, '2021-08-13 13:18:53', '2021-08-13 13:18:53', '2022-08-13 09:18:53'),
('fc8ac57ba89b371df09e5f6e128c81b87c484724d0a03fbb21e2f4324b6c58df7b623967062dda06', 25, 2, NULL, '[\"*\"]', 0, '2021-09-08 03:34:34', '2021-09-08 03:34:34', '2022-09-07 23:34:34'),
('fe5bf933d9d2ec96d7c79eac3f0d0922e6063d615eb26a538f7a752ee5aecd4b2927d374f9cb8ef8', 2, 2, NULL, '[\"*\"]', 0, '2021-08-13 13:37:27', '2021-08-13 13:37:27', '2022-08-13 09:37:27'),
('fed0abb8f0164e6441b51f411119d0856afc4ea5041d141c40fec0beb23409acc3134a0a36611fa6', 2, 2, NULL, '[\"*\"]', 0, '2021-08-13 12:27:41', '2021-08-13 12:27:41', '2022-08-13 08:27:41');

-- --------------------------------------------------------

--
-- Estructura de tabla para la tabla `oauth_auth_codes`
--

CREATE TABLE `oauth_auth_codes` (
  `id` varchar(100) COLLATE utf8mb4_unicode_ci NOT NULL,
  `user_id` bigint(20) UNSIGNED NOT NULL,
  `client_id` bigint(20) UNSIGNED NOT NULL,
  `scopes` text COLLATE utf8mb4_unicode_ci DEFAULT NULL,
  `revoked` tinyint(1) NOT NULL,
  `expires_at` datetime DEFAULT NULL
) ENGINE=InnoDB DEFAULT CHARSET=utf8mb4 COLLATE=utf8mb4_unicode_ci;

-- --------------------------------------------------------

--
-- Estructura de tabla para la tabla `oauth_clients`
--

CREATE TABLE `oauth_clients` (
  `id` bigint(20) UNSIGNED NOT NULL,
  `user_id` bigint(20) UNSIGNED DEFAULT NULL,
  `name` varchar(255) COLLATE utf8mb4_unicode_ci NOT NULL,
  `secret` varchar(100) COLLATE utf8mb4_unicode_ci DEFAULT NULL,
  `provider` varchar(255) COLLATE utf8mb4_unicode_ci DEFAULT NULL,
  `redirect` text COLLATE utf8mb4_unicode_ci NOT NULL,
  `personal_access_client` tinyint(1) NOT NULL,
  `password_client` tinyint(1) NOT NULL,
  `revoked` tinyint(1) NOT NULL,
  `created_at` timestamp NULL DEFAULT NULL,
  `updated_at` timestamp NULL DEFAULT NULL
) ENGINE=InnoDB DEFAULT CHARSET=utf8mb4 COLLATE=utf8mb4_unicode_ci;

--
-- Volcado de datos para la tabla `oauth_clients`
--

INSERT INTO `oauth_clients` (`id`, `user_id`, `name`, `secret`, `provider`, `redirect`, `personal_access_client`, `password_client`, `revoked`, `created_at`, `updated_at`) VALUES
(1, NULL, 'Laravel Personal Access Client', 'QOZ0Ux3IeW5xbi1xq5xLgR9kQRcbiYWElAkVKfNw', NULL, 'http://localhost', 1, 0, 0, '2021-08-13 12:24:46', '2021-08-13 12:24:46'),
(2, NULL, 'Laravel Password Grant Client', '4iGi4Zewa5h9IZY5pQo8mb9NlMeqc6A292ebABfD', 'users', 'http://localhost', 0, 1, 0, '2021-08-13 12:24:47', '2021-08-13 12:24:47');

-- --------------------------------------------------------

--
-- Estructura de tabla para la tabla `oauth_personal_access_clients`
--

CREATE TABLE `oauth_personal_access_clients` (
  `id` bigint(20) UNSIGNED NOT NULL,
  `client_id` bigint(20) UNSIGNED NOT NULL,
  `created_at` timestamp NULL DEFAULT NULL,
  `updated_at` timestamp NULL DEFAULT NULL
) ENGINE=InnoDB DEFAULT CHARSET=utf8mb4 COLLATE=utf8mb4_unicode_ci;

--
-- Volcado de datos para la tabla `oauth_personal_access_clients`
--

INSERT INTO `oauth_personal_access_clients` (`id`, `client_id`, `created_at`, `updated_at`) VALUES
(1, 1, '2021-08-13 12:24:47', '2021-08-13 12:24:47');

-- --------------------------------------------------------

--
-- Estructura de tabla para la tabla `oauth_refresh_tokens`
--

CREATE TABLE `oauth_refresh_tokens` (
  `id` varchar(100) COLLATE utf8mb4_unicode_ci NOT NULL,
  `access_token_id` varchar(100) COLLATE utf8mb4_unicode_ci NOT NULL,
  `revoked` tinyint(1) NOT NULL,
  `expires_at` datetime DEFAULT NULL
) ENGINE=InnoDB DEFAULT CHARSET=utf8mb4 COLLATE=utf8mb4_unicode_ci;

--
-- Volcado de datos para la tabla `oauth_refresh_tokens`
--

INSERT INTO `oauth_refresh_tokens` (`id`, `access_token_id`, `revoked`, `expires_at`) VALUES
('0060a157919532640ecc5e8f43e4d4b3edb18f0bd2d25416c11f0f5cf477a7e863dc52b7a76cb125', '693b7de4e97954e6901b4b84aa8b7548f569167226e81ceb1fbcba3f3eb7a9e320217372436f03e4', 0, '2022-09-08 00:03:35'),
('01d414c5dc68e4cb3b9e7246c749b3306b9070bbe36d9d3889adbc9c2913a48ca27a7d66f250c074', '604e8c7fbb5a6a3d2b268c524769d1ffaebe076f52dc6adcba2a22ca15b95da69e9bf90a07c2e4cf', 0, '2022-08-24 15:40:23'),
('07a44fd5467aa80a2043dd6c50d94ece92b38f45bc6262d051b200a62b56662bfba35a60ff02e544', '9448bd96b4ed666f7ee1edb61d1d40549196cb238b5809c64f75a4859c12654725f557399e55c81d', 0, '2022-09-07 20:01:30'),
('07e09311c98b0a83684f46506f37b0a0b404a6745ca4ef5b00b146fbc270da9ea5388056a8fa16c2', '27e0d831f7a73c70b34795c0a6c45a49be94e4fa35564cca54d218eb7550d8bcdceb8cab2eeed293', 0, '2022-08-21 15:53:48'),
('083a2bc3462d4b3a99d7418731a23a2ae35ec855004f72570ba495efd2a26e723e27f2bd5b6a4811', 'd402f8bfd0708f83e349214ff437ac51fc70276ec5ed473b8f3572ea1e2e8a9df084a9bf34367ab3', 0, '2022-08-18 15:29:42'),
('08632869ba134fecf201e65582709e509a51ea3d67406d2fce5d1b95f696dbbeb0547ba1d864ac0c', 'aa06c4856675d426a91e4cb79cbb49fdde6dfbfedfe96be525bedfbe4a4ccdcfa341177423a3a30a', 0, '2022-08-24 15:40:51'),
('08d8e1cf5860ed7b29e3b9feb8f44d475b131d570a70fcea18c40a332a3a64990098c0d6b5aad757', '8dc9e92521c98e315849622a35c2909fcc2b29aee8adfb059c5126dcff3d9e3073f2b6e338a72c2d', 0, '2022-08-20 16:19:36'),
('0cba0efefdd1b7ecdbeb963c34ac30fcf6cc0caf893d2d0ca6d89d0bf22fdeb03d9b2d033561bc71', '0a9d13daa9d69ced6e141fedfc6d6e62e1522881b87dab21c5b6dea0d864224da3479379a1b1a425', 0, '2022-09-07 20:14:08'),
('15efd3eaff2ee0def21471abcabfadfdfe0f8363fb39d7e5680b8127e7bbc97c0910173c4b3453b5', 'c09a37fbbe37996ae7f913a806c31bcec2a61a44c97bef755cc9ac7cdc615b8a1e0f3a954a0314c5', 0, '2022-08-24 15:37:00'),
('1d0be1d6aa02965a050f58535124a0b243250903a493c05a3e3f23ec0aa06d9a7f494fb285ef31c7', '503db7ae78b2a63e098f8c17aea3c393e2e3f2c87d75b0da24b9c354c7266e80fefab27c23e51719', 0, '2022-09-08 00:28:19'),
('1ed92e40d20b5c584893a93f7a5dc150dfbca9a9de41819217f4a901b6ef0f35025ded06e8590f44', '2617f1fba4887559a89f05b1d1f84042605d943e3e819ddaaf05a48fd32fc843ecc7c560ad65b8d9', 0, '2022-08-18 17:38:19'),
('2112a5df846d4cc800e01d176e5c00d3278cda63926d7dcfa9fc4a692e0b4a1814472e806f6030f4', '907e166501245c3a1ee511ffe13699e6fd90e91b26c71fb0bdaa1fad2a0862381321dde6bf22e903', 0, '2022-08-13 09:29:08'),
('212c555a9324fbbaa2aaff9238d7c4aceabc95f0ee77585fc20466a0f9a0b2adf8c54b56390c0eeb', 'e5f7bc72b17e47e1a1b84e3ccab4096f9c3ecdf966052ca6cb32fa7f23a29e54e53233e6ef53c2ae', 0, '2022-09-08 00:42:38'),
('232da78e87e95508fe3ce84a1c2ea051c8afd347d7162a03a9f4ad94e10724c4ee832d7c35760f44', 'd7ff803d65eed323eb8087a2b70af7294745ec03b5cd305363e8f8845cae6a82663fb6cd2c6f3acc', 0, '2022-09-08 22:05:40'),
('26968b5e9897e00a07e30ef6f99d2958f55bff504aec2963ea60df391a0f60b919e328a3d971f7f2', '2df2aafcc0c4f60e0d7c721eba1d77d0bfc6bb301828f29d668dc0eba04b6bcbc1b7fa7949983df5', 0, '2022-08-13 09:01:41'),
('2a60d6eddc809049f981e57c2ebc9d829c80f6e9dc7443fa1fc723a03aaaa3d9fd3c5b93c7961018', '66757934c6733649c3f8fdec8207badbebb289287253419124f77b69f3545c904e86f9c10dbe05bc', 0, '2022-09-07 23:45:05'),
('2bf475a94d21a78041eb4f7e1e3bcb262ef9c3b6112a8fe8272aabcc6438d921602c3a17a80d9c28', '14912d467c903f0ace779f269281b58539024742c8d53a2561dc7296a7fd38c98c248c2dff440ebb', 0, '2022-08-24 14:30:00'),
('314dc8dea36f419cb22d4f0c5255216d5e59d8f69356f89b5621d5967334bc348ceb9adb28aa03c2', '04ceefd569c3855bdc6245b55663e9e69c9398aa36a69372f677ab9f0339cce0e51b9fc694c2b902', 0, '2022-08-20 16:35:13'),
('3778d187696e6de4f01284a8b8b921b33aa48317181d374a6450d866cad97e13f87fb49b77b2c85e', '3883a12a51a222a24ce83300fb16fc46117c5d8dcc1c8877956c2d71ecd239bd9303a89b5fe946d7', 0, '2022-09-08 00:39:57'),
('45f77a66c6f2688b3c4dd5e5c4f02e586dfe6ba0fe8050b9ea3f11089c2f31a1704c40ed38d63031', '65bd5ed4ea9188577d971dcff22cb8f3837e38702568cf9bb5884f5f2581c7ba348ebb489e767480', 0, '2022-09-08 00:29:13'),
('5658943c81f8653793db72bc760a1bca676b76ae5759abdef93ed934f0248e1dd43ff3a32d16db31', '2e77c311db2c0807a1296e10bcedc735948a0943c2ab4f624218c56637480a5269be1469e09688c0', 0, '2022-08-18 14:21:26'),
('5940925f930cd4144ff11eeffbaf637dc8141ed48e37540b152ffdeed0c0f26c571786782bdb6ee3', 'f074693c47c4b2f2fd11d7701cea279ca8ad084c76e66a99a5aa4d53065fb7196b1de413c3eb74a3', 0, '2022-09-08 00:41:04'),
('5be4ec346a11212af259d314abf0de68bc7d13721b0825921da50c1ead665aa58a84782874dc4cc5', '86000abae5367f76487ea2fc5cacb6b76b675c56e9463adee66c555352706dcd3fbeb8157d46dbcd', 0, '2022-08-18 17:37:27'),
('5cabc5143e10f33f8c363a95a7892068ee4eaea1a736f637a16ebd66154cfaf1fb27b08daed3258b', '840ebb27ab801daa7d341ea79cbb93358188cc0346a9960b0749439351053f8d7bd3724fadbeab83', 0, '2022-08-14 00:11:02'),
('5dc3d789abc864b2c3faab7911ee97a9d77c6d34a64eb5918b46a95aa2f9f49844fda2e83daf8829', 'fc8ac57ba89b371df09e5f6e128c81b87c484724d0a03fbb21e2f4324b6c58df7b623967062dda06', 0, '2022-09-07 23:34:34'),
('5f25e38c8ff80c08356e082af71a16ad27e75bf4bc4efdb105bb05188bd0ddf3acb58d1418551c8b', '1ced2a6bf01da1eb3426a6c89a8902ccebf00a0f0d4b16b424d2a646ed2a63772654cdcf487ac609', 0, '2022-09-07 23:51:04'),
('5fb7fab67814a6266b2c817ed37489b02c692e2ce82f906e245e204c6fc8c27f16c5146d470fd26c', 'e14c2ecb9530ba77854b78fcc6ad80cd0e769ca04c150c93ab4e7a25cef6b052617e7e507da9cbf9', 0, '2022-09-07 23:33:13'),
('60159020586d7a606ec06ade8d77bfd03bcc4dc8a09c6165c572acbb0aed547da754a8cefa096b42', 'c7437f2a30588a54b3c35b8eaadc5d18911a2b636466dcc4e31314c7231ab22d6c8b8efbd5ca25e1', 0, '2022-08-21 15:53:44'),
('604574b982d951e0dde70bdbb1243d1171a82e182f6d8f26fddbb077db29c5782e5d9a95d1d5fe91', '547b5b4848c347981353f79ed168212f47b786e9a4d31932648b3d7ecd97c488020a06e058a77431', 0, '2022-09-07 20:15:35'),
('60cffcdfd49dd022248e8e51560c6b315b6b2a8d769bf1c01ee1111edcb5275d0d7e9ecf47055234', '40f7bfe8bc3078d367c3399f9b6cc9e5ce253241acd155ee8936f87c451be01bf66898b92f7bef38', 0, '2022-08-13 09:08:43'),
('63f7ef68a562b0636986da1b81f86d30bd8ea861d22682b8455267e4303e9066c9f440a44308108b', '4fcb744709bbfc5970198f9ec0ed5028dd6453040cad64dbf6549c251ec33826a19ef4013075ff9e', 0, '2022-09-07 23:38:12'),
('65de72992d09a4a4814b3220cc923f80b337f12cdd8d1b74e4b0107830d087df08dfe5b64cc71670', '9de9a2cfb33663ff8029908277e2fa93006307e4738a5f5812bdcd5ec05bb00d587e20a934652684', 0, '2022-08-21 15:53:41'),
('671a0777c288e3d5ffbbd0e6be44e916bbfef580c9d2d4a96e0dc591227508f78ec23cec3cf65fbb', '7e5ec6e28e176bc827b086b4575f4727c8bbe140896f6d4dca68b80025e9bab41366526fbb8258ad', 0, '2022-09-30 01:05:50'),
('6b8d2b65a520c3f0139371b52cff690834edd0020fda30526f70d745dfa6c5e5fd89ad9374c9bdeb', 'ec79eb056e720b58d5d403ee66cb29884c46901ad1497ae3782e9bd54869c4e82b0cd7a472905390', 0, '2022-09-30 01:05:48'),
('6c25adc14a7cf82a0885141c2859ec4710033a5b0c2e6ccb0561a9cfcb462b088882188806b22e7f', 'fe5bf933d9d2ec96d7c79eac3f0d0922e6063d615eb26a538f7a752ee5aecd4b2927d374f9cb8ef8', 0, '2022-08-13 09:37:27'),
('6dd589b5ab082d52c83bea203dce36ebec8560ecabad9042e594d4d91ebc71cdf5a475ed0aa9b92b', 'c22dc60155124d77ddb5348e1cfb537f2ac9bd85c72caf79f123f707e51d8258b6b068f5481cfab8', 0, '2022-08-21 15:53:49'),
('6ddd85ecf99f6798c0f99ef27329aff9be418835fb5bdf526f1f7832e62874c3f833052289c2890d', '54906fda2b8da0ea2ff9db4d15772d37411852c22c73500ba23ec929d79c43efa5fb90229c709201', 0, '2022-09-07 19:59:05'),
('72c253b098106148718c5b20f568b9294ab62d3399f73d2f4a92b34135d1a6aba47388486d840370', 'd827664661576dc494b2d634de3a2b141ea881f8fef07dfcc9d201f8e7f50c4e202df518426e4a07', 0, '2022-08-24 15:42:35'),
('75427ba49cb01af9e13f93ff723a19471436dbe6323511394b3877ef22455b37dbdc8c1e5b239dbe', '333f5276cf3cdd32ca2c42c84dc21155deda350f906a28bd772079e1764d06ba28a6dedb5a03a797', 0, '2022-08-18 15:20:27'),
('76e926f94be55d869b144e605face247525961f2aade74cdaf6b16a738681ba714e56b00d337571c', 'b140ae77d42da8e4a86028e2b123dfeb74f7f6b014ac56746e66d0e27bad8935c935405541dbeeee', 0, '2022-08-18 15:21:07'),
('7b853058d2078fe807966c38cad239a815d0fed01ba56c813a0aa18c7ad6e5c8ec2de4f29fc6822b', 'ae1cbb15e47354e0c774ec6ecea6ac4152c103370287e3ea1db70c5b52c26ae200022d87d4b0f605', 0, '2022-08-13 09:44:34'),
('7e2090dbc557c54945b4c687314e362eeb36189e4fd86a78f425d6d9005fc662b3b88b92b8904d5c', '2f8d17e987517d0e0a5d56b1e032c24b7bf6f30711481a7f1b338f12898a260e9ffbeb4693786be9', 0, '2022-08-13 09:28:23'),
('8227357dab525bfd7a665ad39f57c0d6def4d66336278402b6bf50b011467d34254b60ad41573e9b', 'e3e596c7ef273b8daab9399f869ea763236b9a95eb78c2ded73c761f789c811d540f3be505c16603', 0, '2022-09-07 23:39:56'),
('8398894400ff7b653f90f717fe09cc3afe3aef79a09532ea89faa9bcdf8fd8f869cd6fa0dae76a6e', '636414d1d4979064841355ae19acc075b2ee95fcea2b00a8504f21d0d73c6026855dc30d1253f3e8', 0, '2022-09-07 20:33:55'),
('846116056f4edb4667067f0b63bb3997e899a2b0c4615db56e394db8c91347e5e0b68b8d98d270b3', '42ec4e93b824dc15f51ba936b4e391ebed75a94ffe7801dad0b2b321898652dd343ba63e789033f4', 0, '2022-08-13 09:26:24'),
('86522c0b8e18033b6ca9cff20e28a98bfde7336a44cce3a170088f350d740c6d75229ddab3e51e04', '80dfb35031de1e34a9f3b7f3ef854277269bad9a66ab816cc2ac0b484579492b261cab37007140e7', 0, '2022-08-13 09:01:10'),
('8763dfc8a48b71824b81dabf554e29d3d0556700a61a6ae67d165c013883b66d803c34f503e75a6b', '2f036a5ad2dd016a9678a1ee1780e8380c62e99fe7a4baa342927a6dac681067fd2e5ac57929b4e0', 0, '2022-08-18 17:23:54'),
('893f5c2765f10bdfaad0eb3fbd636dda96cf69983214d212a0ef84fd024d89fc0aa79139cec7749b', 'bb6d8002e220cec22affcc232dae165df616b0015d27dfeeff588d2366999014b2be38b7a07b7f62', 0, '2022-08-13 09:01:13'),
('8af77f415f71b92904224106323167e5a8b330f078386c06055924fc04c622a0cce67725b8379579', 'dfd42db5bc3fb284dcd4754e21d0d1aac0f4e0f428e5de1ad3e83c0842f3aa55ef4138aab8c1ec0a', 0, '2022-09-07 20:00:37'),
('8d6c5af9ea93cc30adf4dfccaf82ccc14003e73837c53cc88cf59b199c72bdd74b28476cf494e4ec', 'a8c96b2ad2c452250b2147f7eda3367fdfc2212846d634791077df2773d9b1f943f839e9dc8d54fc', 0, '2022-09-07 20:01:46'),
('9125de92530cd2c512b7d47b06c587891453034d57d17270077bceb2fcd0f03c6343a84227dc75c1', 'c2d5563c209e99878575de0035a27964c6e61214c0367cac7e357c9ef9c1e234f4985906a0dcc23b', 0, '2022-08-13 08:26:46'),
('9429488d33b383712aad25b3b97af6c89df681cab471c67238f8db6f546fb4e4c8100f6d76771c30', 'bab4822287c35896aca2b79bebc36b67a48dcb9bd6f753a4c0f57e66e2fa9d34fec769c3f3e27013', 0, '2022-08-18 15:30:47'),
('965f6d217749f4a00d868c0a15ee308fb930f21fc51d078b43ab852abe6d4a620a7803c2dda06ad1', '913be5ad8cfae38332d3c54cbd42df4be11d6f2a30ace7c0f282a4502efd2a9f6f9c900e54af6b79', 0, '2022-08-24 15:39:43'),
('98a6036ef5b965996cbbf9406264b4df6cdfe31d1c7f644651e86f9feac98a8e20cbf0ff303333e5', 'aa8a02fad49e3eba299f983bcc23412197424f475498460f50ccf072b09e47d788f2fa0866a5d375', 0, '2022-09-08 02:05:24'),
('99d4047b535823a341c5b76c790c2a373065358ddcd277d631dfd6fcf552c27974db92641ed1c2ae', 'acb2a3169960ea0a9c6c10b4978c515ed41659abb51777040394adef4f7364465d91a5873f4db074', 0, '2022-08-13 09:01:15'),
('9ad3c486a3cbe588088c0b7d1a89ce6c4f7ac25fa7e3cea49af0946b589981ca8818eed9afee20bd', 'ca3dea0da2dd9153736aa599cc8cf37c9266c2e5c17c970dbea8b0d87a108737da5e5f2c7ee5ea9b', 0, '2022-08-13 09:25:54'),
('9b68e4cba92ab3b9137ba403258cce647ea82630747e59636ce5cdaceb7474430c60d75c5c266d19', '523b31ef26fb387bc031d383cb6d292fdea24646ec2b23ffcefc5feafa8b1fba70234c183d0db741', 0, '2022-09-07 18:39:59'),
('9c72383668dde2575114dcd8b794ec24c135f83e3deb563a0a0aaf5df1ca39e88808154affbea4a4', 'ce96f2f332505bbda76203b4b57cf4e58ebcf00a3363b65f4e20ff1238688e9dd951b75d31433f54', 0, '2022-08-13 16:58:31'),
('9db43171461a3454ad7be5c6366f8e489c16790f2ef5120a83dede2b8bfa7e2810eb77e1cd9f16e3', 'ec73d2c8352a3bb190920d81d21e6f01a8a117210c434fd32d4de7d379fe00689ff89e675833b44a', 0, '2022-08-13 09:01:50'),
('9fb043ff84476b8f23ef286ed7e43b93cb2285c34c02a2314950017f3fb33884dc04e29d9be60f4d', 'fed0abb8f0164e6441b51f411119d0856afc4ea5041d141c40fec0beb23409acc3134a0a36611fa6', 0, '2022-08-13 08:27:41'),
('a6dbcbf5afa106551a314a02adb0efca155fe9c245f33dd7ad7a4ff45702895d2d0329c9431bc510', '1540e4cd8b72f929e41f05edbdfad7920b83a97edc8c398e217dd560de0feff8dd3da4e3bdd97fe6', 0, '2022-09-07 23:42:21'),
('a878636babd6c5caed057402b727fa1afe8a8bc09f5b14b7a289992462b78dd3907e6d7e2384bcad', 'dbdfc87b5ccc27a6d9bb030963d7fb2a32e38b6ce80781a2e009103327ff651a9dc94ee537668b18', 0, '2022-08-13 09:01:45'),
('aa20744e6a5439f29c13faf2111d2fdd41378c9c769314bdcc2ebf54ad5081da2da57a835fc81526', '1d13d24ce31b003fb215963e079d70bb56270bf2b205760cbea4c8ae36afb8235cf73bb23294b4cf', 0, '2022-09-08 02:31:22'),
('aa7ebba71e080bcb2d0301ad3f72401b09cc42aa4c4b22eff72260527289c37f0423237a15b7667a', '0519ce7a2f8f3edf805d5b493a8a5b6f5ff5f0fac9e55baff285d9c86e81ae1f408b0c157033248c', 0, '2022-09-08 22:08:39'),
('acf2b393f71f9551f666569c9a0e272b7398ed7771f92f21ccf12fc22d345a336eef3298f6593a23', '4550ea465eb6656d23475ce21040b70d23173d4b2f7d8ed0643f63b9fe0472b7ad303ffbb108c028', 0, '2022-08-24 15:41:12'),
('acfaec2de20dec561f5170208b54d86600d061f843c68a749170d5622258cab721133f53f50b6d71', 'e962dd7de4f643b864bebd5a18fd56f08fbebeeacc8f25b11c80ef329e558a003997948e310d470e', 0, '2022-09-07 23:32:40'),
('ad728d6ef0576267462279d12ac56981425e34422ad4daede10445b4bab04df2dcdf0047581c027d', '856098791fcfb7780cdf1934d086ab0ab455bace40cc39736fef359e93af0a0710f39650e6975969', 0, '2022-08-13 09:23:01'),
('ae605703da2ba133c402528f59640ea4389dddf57b727e0c1d56192c952e32f520baa73dbe8d47e7', '59f6ee4c64f197be6a0d976a7c4e40c0faa513f818ce5c4d1ed6414a97cec76d47e069e36564c198', 0, '2022-09-07 23:35:40'),
('af733cd746729921b2f00f2fd57c5b4049e48058f9027becdc4bb0dafcab8e3de409eb7866ba8e14', '49e596bcdaf7ffe81489b3a91432b2c743ba92321b0c931f04610e91d3a0afa593e1f0eb41668849', 0, '2022-08-13 09:36:48'),
('b14bbb932ebb1e235454674724e2b4dbf6d51d781a8b1b2e0bdb45d03a4e6cba63d24b4f75b59f14', 'ec0ed96b301a21fc125c97a0804e29b8175818da6d4d13ae273325c07053f744e6bef847ca30961f', 0, '2022-08-13 09:01:14'),
('b1f4f710a3895f2ee4157948d409fd4b951e85249bb94830df173db36a0b596529765abd89256e86', 'c1d76bd20f004081fa937bc5f325169fd8afb8795bdd7b1e4a2b30ae7dd71bdd82a9fb086dcc0e44', 0, '2022-08-18 17:39:43'),
('b3796a2a8cafaee45868e47ccea183b811874b7f6c91e13f01d85aa8540f1c82a511c2ee30e39e45', 'cd9581699603156a76ffa41d2742fc0136ae03bfc6e44d37449ad9962e3d92a312b4373c6188c770', 0, '2022-08-13 15:57:53'),
('b67e0769ad44e82c6aeb067e25d790c7629e2d09a6705932a27a450a91e1b616614e2c53576fd8ee', '1b056ed03eaef8da31d0ff92b55a07cae409d6ff4336e07a0368d8bd1f2c0d93f9df55a8d98d5ad1', 0, '2022-09-07 23:34:23'),
('b8d751af37fd2c29cb0cbd16744881ca3f5a9505f24063074a4745944bf24b886ac053d7a750b530', '1c5a5c25ba1ef0ceb33f07e894976d4ba3162a5cf23f7e3790ca9ea24c5561db4bfa1b73a76d31f2', 0, '2022-08-13 08:58:40'),
('ba4f5965f496bf5028be866806a86442dbc86fedac24688e5bb023d087c82988985972711df96ec6', '3f1c01677bdbd200b9cb8740a6f386a5cd52646d118fd8dfff443a15359652f963d6b4dd2584b43a', 0, '2022-08-18 15:29:20'),
('baf4511896fd021b2abe006b4172d5f5d80a881bd0b355523707b9d202feb11d3f56fef881e2c509', '389770c9272a817fc5a6210ef496f0fc01cb809462142f38899ed315465ad5159162a69e4ae26fb2', 0, '2022-08-24 15:41:00'),
('bb4d7afd83f02a129416e906d0a190a267fa210675f0375f109f5d915668bd8f583eb5f1008e9a9c', 'ea2ac2c7f4fbbeecfcf10811a92f51e95347d6c9867813d216d522f738f038c98bb6e0718c235952', 0, '2022-08-13 08:25:53'),
('c1e21b5e52e3259561adf0cf44fb61f50241e5963b6514fe0eecd592846ebd6bb209cdf8812c3092', '6701babb137ceedf6f4864c51d77ee3235981d7de4968af03c109e809b1ee5dfecc796b245718418', 0, '2022-08-20 15:59:26'),
('c22bd4fe2ade594f6d12e414e830a5bd94389a8e887f8f1dbf9a1c9d1d7498fa022d57637d1e4978', 'd98d5e9ff197646a6fe5da16c9c157a55a8af83d7f41d20567ae95c267a77725b353122fff1ca503', 0, '2022-08-13 10:18:38'),
('c3dcb60f5bce585c9ed1d0151fe8c24602ce08445f1a31c99912fd576146bfc73a4a39fcb56e330d', 'e95a35c58b8d82dd1d505915aa9fe956c2c1a452f2f052084018c03e880b54696ada7396ee623699', 0, '2022-09-07 21:11:45'),
('c4b70de1f69184b3ef3f0e9e9b140d063390bd104ee479a0eda594a3b267091e2cf9b6dfea18c1d5', 'e3f00e4ff6e67199d7da2f9217afefaaad628c772a10d922fffdce3657d785a42c1e88fc5b8f42f7', 0, '2022-09-07 20:01:50'),
('c59a29b9545e7b0ddcd9d689a39b3cc946f03e2460e93bfb2f7a218d1c5221dd0a8fc29b153e69eb', 'cbb7e16c1558cdb8112758cdfee8aee0f498b30cec2da04787f7b38f7a0a642870f547ff3842e9e5', 0, '2022-08-20 16:27:31'),
('c669b669bb11f3352b4d779edf8a4d1a191eaa82b4bc72a2a85620a7b2517f9171cf78832fceaa49', '4e6e325b43e02faccd9d3cda5b36b7687fcef216458f1518ea296dc2ef8df8a1b0e99a9ff104c355', 0, '2022-09-07 23:41:46'),
('ca3ad439115cb0f4a5dc43015d96a6a88e12f5e469056bcb3d06867cfb92e9a5f818718e1eebf5ec', '0f93d34c93763468c01223350767e18aa9597d316d392794df3f2ba3ca65d6de63d5277463b1560a', 0, '2022-08-13 09:01:46'),
('cca4f4e2db839da12f168cd607f853f5b260cf626db26f2565e9568a4de6cdb72397935bda67e4e6', '78da950172a9c8dcdc9f72397e5b792461588c79a04f2ff7aeefa06f3ff6d6e504966af15f85f621', 0, '2022-08-13 09:24:56'),
('cf5d8fac33b5f4faaf037e47297e562c53b3ae798ca0bec6e0669ae8106d388c0a7e0e734e1fbdf0', 'f55db93d758ae975a166c0c8c38c6e53da4318c73a3700ed3efc028a824298e4f3c60447922042ac', 0, '2022-08-13 09:18:53'),
('d1933e95c4198066e005316c63609492b0d628fb12520d5244ab504856f2345d25e4253d4e0f7aa6', 'e2923d5e72245cc0b08f827cf1fcaddfe99f303c5593afa72624502a4af9bfb9d7eb63f74b05ab82', 0, '2022-08-13 09:01:44'),
('d1df6a7195b4fc5eb53650f5c8cf29acf86991ec610db375770e4092bacc3fd8b07d5fc1adb648d3', '96167af9b4b376d011f8f4f97fbd059395f651e44d57ccab949c571ac7c59a0886cf2ee3f1f619e0', 0, '2022-08-13 09:25:28'),
('d451fd0d3a4eb6616bd5508efa67bddbd2f63244f6c4e93b1406fe9c7e2c0dbe6fa4a8d348b0cc4d', '580ca65dfeb7ea2498d91ef52f5f2902a98e9ce534f399eadb33f184c9d9d2b498e11f0be57049f4', 0, '2022-08-13 09:01:43'),
('d670d1e2066c69bb8201f69b0009e2e38c15857453b373a93b5d3bfe588ba8856d1639a8fac0540a', '5e494f80e17edb419765c096f24dd42bc6cddc93ffa023b069e4043dd9b66c8f6265711a7fe57421', 0, '2022-09-08 00:08:49'),
('d92ec42b7f85dba5f313791adc43d7211888089ea7b6747d637e8398eb298f8f96271357fb2ab4a7', 'ed4b982f50d015088d65b0afc75f7d7accac557d86b95090bab7349a069eb491fb25499801d58c6d', 0, '2022-09-07 23:35:57'),
('df6515a3d6496c8783fce878eb9ed1fb027918c471ab6f56ca7155d544bea8478f437e4296872db6', '18d7b5708ab26757bb1f7d6626a37984b92c8e0ee92ac421194b702e09b396847e7dbbdab07a1f3e', 0, '2022-09-08 02:04:29'),
('e0aae6f0cb160bc3c2c11eeeba4bcd97c93cec663422e894b7747898c95f1aa67c70807d9499e893', '61d292ea29b8446cb35a5392079e99e1da8f1eb441ae7cd0800979f8ae190a5493e34a4902fb0f08', 0, '2022-09-07 23:35:25'),
('e0b5575fbd8b2c4c9ea1119180cda1dd82d705451bf3a9f2ca44c649c5dc76de8b0d21a7592d97ff', 'b22737f6f8194e33e068ac4bf956ee43e03fdbf5d2c75f04d1af81f5abc4a0673e76e6e260e48b12', 0, '2022-08-13 08:59:55'),
('e213731e3e45294fcec9cccf372ae094c3ee60a152792109c95953a51ed9fda9c739ae87e001c86e', '4aa13d4e2a030504f896088b108cf2cec4556b8a9eb97c1c96c430fe8958a03d52aeca795d38568a', 0, '2022-09-08 22:08:48'),
('e55b0b44d39277c3c720afa2e5d23905193dfbbefa840a262d10273f1b46d4af0dfea59d289c5e95', '3c2da4a661399f8d5ff2b5cfa5e744c9632dc59bbe9725a293f253bfa3b389a8ec4606918d262c7d', 0, '2022-09-07 20:07:08'),
('e75f490aee28a3c5011ebc7626dd5001ff786d4ab0de7bb6842e42373c0cf3a77455b3abea5d8bf9', '64d954e007f97976dfe78dcb3a5b9e7cc3c2986ffceec44321b1a5f803a596161e1ad21cac83b0f8', 0, '2022-08-13 09:23:13'),
('e8507775966e148f4a2d5505bd660c718972a6d22a2e126e4d26d6846f8df38547ca0562aa6acdc7', 'a8a50cce6d7e17c215c65d7281fe79f8499b11138d414b60681a1c6d327316996777ba3bcb640471', 0, '2022-09-07 23:38:46'),
('e8bfa9e0e1b1f0a2da872bef92b36641793ce90ff2d3691c743f036a5cd517873992e858fa0526f6', '2e4873628ac4555d146170ad6de7e0ed003dcfc16b5ce6f7c8b7e42b718342d7e60d0d81c9713665', 0, '2022-09-07 23:16:11'),
('eb0878f366d8f8cd0e878565c3b0ba64a641215f96e98f277cd58aee4e29d450affaee84716e319e', 'd25f8635d0e7331b93d972985ffd9c94b91cbbb09b130c9a191df9e37daeda95caefe92a6f8f7ea7', 0, '2022-09-08 22:05:57'),
('eb70945873d8810001bc82229976436126cb27ed789679a744e93011b34e68d7f127b862bf7b9e1b', '209e3e0fe7426052b1f76dde4153a13ac889f3bd92f49a6aa8d3fcfa827c9467f8437f98bf24bb00', 0, '2022-08-18 17:41:55'),
('ecb56cabf063d891d3d7bfe95dc47dc1af15ef988b177a509fb4c2a9920dccdf91f629cb484790c3', '95af129257e7abe7af238a0772663097a8d2662447dee6b876c0bc4a3caacdf08e43befe97110fad', 0, '2022-08-18 17:43:12'),
('ed826fd20feef03e230da16a4a2d4d474fb861d99d0e690ce9b61b1c5594c3a6b1a8b2f3b61ccfd4', '8c9f29989feec611513e8f480936840d5a2e1ab2b9d9624dd218e37b25b2d2f06abadc5532c2083f', 0, '2022-09-07 23:37:57'),
('edc22eb1af30131e28bbd4a2029325225c0d1352a023db69330e2bce4264e66063824eb482dadf0d', '35c0d5802832299f34e5832ed5793c06eff1778d1d69c51fd50c3f4af923b8503e39e05c56ccc929', 0, '2022-08-18 14:21:28'),
('eeb46863559e8153e4fe409ff80e748c82ce20f646dc2c035dd1d48df6fa165e5f14eaadeb725703', '2f86dff4300f8feec1f48b2e19d5e010673a694a5c11c676c58feb8b00728d53a42e0c875ac0fa92', 0, '2022-09-07 20:01:36'),
('efc889fc5019e23bc0485c3205ef93da7d1371dd956b74783f0368102d433e026d3d2c496496d70f', '20a53f54e1e4618c2273affcba4e068e95bc8bbff7dad96d4cd9a33eacacaa0212fb59c84b1b4140', 0, '2022-08-21 15:53:47'),
('f198a2f2aa923fdbd569aabffd8337cf21305447110251475cbb137aac79839eff553aee5410e682', '9b7a685a8a89616c80e9232240f6663a71d7dfe14836a818e8b34126b8945659885043f7caa47479', 0, '2022-09-08 00:20:48'),
('f4cdfd92a143b2f4fc819129233613bc7b08d3f08c91c071f4491a8c940bfe70ff36d32c5558f852', '70f2e3cf52e71ef49710ff02a57d6e4fed7e51b3c2fa207d29dc6e7563ba5949ab537a738b0d4abd', 0, '2022-08-24 15:40:06'),
('f67581ff1f1c39c5f7037ff6717a2499b83292aaf14fe2f1098b1ae326fa0ae9eefb96cb74acda0f', '556314283e84ef17bde763e352c88b6562755b2cffa645ab3fc2cd725ecdd33c166a8db3da4a5ebb', 0, '2022-08-18 15:20:30'),
('f76d906a80bafd88c3fee1c21412827e8930b7b5738881a851ac6eb3f3388016162c97a473ccadf8', 'ee8a4afbf7ab595e3d073146cad9425a993b1ec921e9abe5d99f8dacf1ed394402fcefdc3cd75b7f', 0, '2022-08-13 09:00:11'),
('f9e67240f6249521025b7ae40e1b82a3c044a13595114ed5e09aee907992ec3e3ea9f66124e4465c', '41e6a0d3c02bb4477f827ee3236def9c58b081e9fb9c6dd1cf8c88331ea43241c9b3331a6f61979c', 0, '2022-08-13 08:59:36'),
('fa7cd61c8f13c421e0b481bca50b24fbd6906544fa7a41912b7e2be9cf794fd93dd98c4c602e2dd4', '80834a1cfaf8b2fbb58872f034c920f9551e2815fcea6567c0c05f3803811bebb716c6a84fa2d0b2', 0, '2022-09-30 01:05:52'),
('fbecc543f7380636d1d1536c6f95376f1a27f53ccbf79c31f838866799cd2df45c53fef332df27f2', '2796ba44528aa9d5ba0409b19d2fb3934563935fd41a0c5109204a92ce221c12af4f5a68cc4c1e6f', 0, '2022-08-13 09:08:42'),
('fc0a8ea647ecf4d67a5515ea1f305614c3518d8e41e6703e4f5f65d31fc24558c2c86552e491e404', 'df97f12f62c9ee40ef3f5a892793adbd09a600308957345cfddee61195c3ea02a957d541bd76acf2', 0, '2022-09-08 00:17:18'),
('fc3c3423a364b6b7a6a6708ca44ef9d79f8968d19c18a7d125a2a50cbbc94b33e9a1a229e2e54d0c', '011f594ff6ee94a0cc65a2f1d3fb255fedd4988c125864f3ae304c2e482d279321bd0c3ec0769b6e', 0, '2022-08-13 09:09:03'),
('ff3364c72e0d8b23607c3296013dbe8140b8b2c2c3432cdaa33e17adeda0f628844e689a5bd3cb9d', '861b7d8ec502d340131bd3c0abf304c761e8fad45b051105700671e9a59425d09f07c248f720b150', 0, '2022-08-18 17:42:15');

-- --------------------------------------------------------

--
-- Estructura de tabla para la tabla `password_resets`
--

CREATE TABLE `password_resets` (
  `email` varchar(255) COLLATE utf8mb4_unicode_ci NOT NULL,
  `token` varchar(255) COLLATE utf8mb4_unicode_ci NOT NULL,
  `created_at` timestamp NULL DEFAULT NULL
) ENGINE=InnoDB DEFAULT CHARSET=utf8mb4 COLLATE=utf8mb4_unicode_ci;

-- --------------------------------------------------------

--
-- Estructura de tabla para la tabla `users`
--

CREATE TABLE `users` (
  `id` bigint(20) UNSIGNED NOT NULL,
  `name` varchar(255) COLLATE utf8mb4_unicode_ci NOT NULL,
  `last_name` varchar(255) COLLATE utf8mb4_unicode_ci NOT NULL,
  `image` varchar(222) COLLATE utf8mb4_unicode_ci NOT NULL,
  `user_name` varchar(255) COLLATE utf8mb4_unicode_ci NOT NULL,
  `email` varchar(255) COLLATE utf8mb4_unicode_ci NOT NULL,
  `email_verified_at` timestamp NULL DEFAULT NULL,
  `password` varchar(255) COLLATE utf8mb4_unicode_ci NOT NULL,
  `remember_token` varchar(100) COLLATE utf8mb4_unicode_ci DEFAULT NULL,
  `created_at` timestamp NULL DEFAULT NULL,
  `updated_at` timestamp NULL DEFAULT NULL
) ENGINE=InnoDB DEFAULT CHARSET=utf8mb4 COLLATE=utf8mb4_unicode_ci;

--
-- Volcado de datos para la tabla `users`
--

INSERT INTO `users` (`id`, `name`, `last_name`, `image`, `user_name`, `email`, `email_verified_at`, `password`, `remember_token`, `created_at`, `updated_at`) VALUES
(13, 'angel mere', 'mere', 'http://localhost:8000/storage/images/users/eljam22.png', 'eljam22', 'angelmeregildo@live.com', NULL, '$2y$10$Po2J6gDAY8LyQANuhQe8suzVni0r9W883tiby7LNkieAmbP4cC382', NULL, '2021-08-20 20:19:20', '2021-08-20 20:19:20'),
(14, 'leo', 'egato', 'http://localhost:8000/storage/images/users/none.png', 'el_gato22', 'leo@gato.com', NULL, '$2y$10$fDZd7Cb.t6LdrDplQONW2.iFdjLAIH02RBWfhCOgBWqxAAF3JfG9O', NULL, '2021-08-20 20:27:18', '2021-08-20 20:27:18'),
(15, 'el loco', 'locon', 'http://localhost:8000/storage/images/users/none.png', 'locon22', 'elloco@loco.com', NULL, '$2y$10$cCimgyFsl3pkXiENZM7nIO6H/6AqPtjEn7JiRfU6cY0hS8hT7XAsm', NULL, '2021-09-08 00:36:24', '2021-09-08 00:36:24'),
(17, 'asdsad', 'sadsad', 'http://localhost:8000/storage/images/users/none.png', 'asdsad', 'elloco@loco.com3', NULL, '$2y$10$sU4zXS3i97pMO5qLzhAIMu0VaqE8H4kIc6LiNMDGGtFG7uX3S/q5C', NULL, '2021-09-08 00:55:47', '2021-09-08 00:55:47'),
(18, 'weqwe', 'wqe', 'http://localhost:8000/storage/images/users/none.png', 'angelmeregildo@live.com', 'arrelloco@loco.com', NULL, '$2y$10$pRSUOUr4WNjt1TCGTahwEeJ9//6wOjLFpAH8pn/kZjlAq7g9uZgle', NULL, '2021-09-08 01:15:02', '2021-09-08 01:15:02'),
(19, 'asdas', 'asdasdwer', 'http://localhost:8000/storage/images/users/none.png', 'locon22wer', 'elloco@loco.com44wer', NULL, '$2y$10$FXJCRdMwxPI794oZq7gR1uIBhgA98zgIDWgpvBxn6696UIsUoUZPi', NULL, '2021-09-08 03:20:52', '2021-09-08 03:20:52'),
(20, 'asd', 'asd', 'http://localhost:8000/storage/images/users/none.png', 'locon22asd', 'elloco@loco.comddsad', NULL, '$2y$10$rAovnTR6d4DMbaLBxeFKFuLJKGSxga2O7e6flVl9h0KllA8n2z6Dy', NULL, '2021-09-08 03:23:26', '2021-09-08 03:23:26'),
(21, 'asd', 'asd', 'http://localhost:8000/storage/images/users/none.png', 'angelmeregildo@live.comsadd', 'elloco@loco.comsadasd', NULL, '$2y$10$dD6duyj.LGETVDElfwL63uHKcXKzn6ojRLASkdwAO.G.aT59k5DYS', NULL, '2021-09-08 03:25:44', '2021-09-08 03:25:44'),
(22, 'asfsad', 'asdsad', 'http://localhost:8000/storage/images/users/none.png', 'sadasd', 'elloco@loco.comdddd', NULL, '$2y$10$UBbQmFKPpQQlSN.BqjbQreowuppxzTMAWBnef0ZfOdCUE5meBkN1.', NULL, '2021-09-08 03:32:39', '2021-09-08 03:32:39'),
(23, 'asd', 'asdas', 'http://localhost:8000/storage/images/users/none.png', 'angelmeregildo@live.csadom', 'sadasdangelmeregildo@live.com', NULL, '$2y$10$M2cHGoIGg3yw5DZ2clxHfOLQKdZYEGTJiXL.5v/IRpEwa54Py/YfC', NULL, '2021-09-08 03:33:12', '2021-09-08 03:33:12'),
(24, 'asd', 'asd', 'http://localhost:8000/storage/images/users/none.png', 'angelmeregildo@live.comass', 'sadangelmeregildo@live.com', NULL, '$2y$10$J727J0zDkYqB9fchjUnzJ.j44RMC13PuGkkx6bDDNKPSzGjMH40NS', NULL, '2021-09-08 03:34:22', '2021-09-08 03:34:22'),
(25, 'asd', 'asd', 'http://localhost:8000/storage/images/users/none.png', 'angelmeregildo@live.comasssss', 'sadangelmeregildo@live.comsss', NULL, '$2y$10$ni.VyTJRHVHHe/79QGZgseJXT6NAxoXQsjNlrxFU7zONLEzdky41W', NULL, '2021-09-08 03:34:33', '2021-09-08 03:34:33'),
(26, 'asd', 'asd', 'http://localhost:8000/storage/images/users/none.png', 'angelmeregildo@live.comasssssss', 'sadangelmeregildo@live.comsssss', NULL, '$2y$10$llSKwZLz.unwKGYbRitJMu53rOduO3nrLHmr7LeqU67F6h/BdPhce', NULL, '2021-09-08 03:35:24', '2021-09-08 03:35:24'),
(27, 'sad', 'asd', 'http://localhost:8000/storage/images/users/none.png', 'angelmeregildo@live.comssss', 'svangelmeregildo@live.comv', NULL, '$2y$10$Mt3lgLNLAJKRGrBEelpyUOMa00IXwQADRhUOwRu11jdm9fsF7gXBi', NULL, '2021-09-08 03:35:39', '2021-09-08 03:35:39'),
(28, '33', '33', 'http://localhost:8000/storage/images/users/none.png', 'angelmeregildo@live.comasdas', 'asdsadangelmeregildo@live.com', NULL, '$2y$10$8yxdGKmm83vK88adErh0YOZKOYurHuz4v7Ha0/TuC.VT9e7wJ1hPm', NULL, '2021-09-08 03:37:56', '2021-09-08 03:37:56'),
(29, '33', '33', 'http://localhost:8000/storage/images/users/none.png', 'angelmeregildo@live.comasdas3', 'asdsadangelmeregildo@live.com33', NULL, '$2y$10$T2qmxldBBVSADHxVSAzwG..SwIcCJTVdR6zOLLee8L.O/XaRiu.nm', NULL, '2021-09-08 03:38:11', '2021-09-08 03:38:11'),
(30, 'asdsa', 'das', 'http://localhost:8000/storage/images/users/none.png', 'angelmeregildo@live.comasd', 'resangelmeregildo@live.comangelmeregildo@live.com', NULL, '$2y$10$y/kxncelNCOef2oiqQrH5OFNvsjMzNpxSJ7HvFV4JqI4ScUp64vNW', NULL, '2021-09-08 03:38:45', '2021-09-08 03:38:45'),
(31, 'iyawnna', 'hazzard', 'http://localhost:8000/storage/images/users/none.png', 'eye_yawn_nuh', 'iyawnna@hazard.com', NULL, '$2y$10$wp5tOnMGB7B71ocLplPpDeLy83zvZRII0T1mNYHkaVxNJSaFE/zN2', NULL, '2021-09-08 03:39:55', '2021-09-08 03:39:55'),
(32, 'asasd', 'asdasd', 'http://localhost:8000/storage/images/users/none.png', 'angelmeregildo@live.comsss', 'angelmeregildo@live.comadsa', NULL, '$2y$10$kqs4eUcPlrH9Rcu9uHWXg.rGzDH/ifiZ/tnqcNnXdHh2ZESYu3gJi', NULL, '2021-09-08 03:41:45', '2021-09-08 03:41:45'),
(33, 'sad', 'asd', 'http://localhost:8000/storage/images/users/none.png', 'angelmeregildo@live.com4444', 'angelmeregildo@live.com444', NULL, '$2y$10$CvAuf9DxgwpLtV6cchShs.j46SzSMYeK3Lx9UyH.jc1vuYhtaRIwa', NULL, '2021-09-08 03:42:20', '2021-09-08 03:42:20'),
(34, 'mario', 'meregildo', 'http://localhost:8000/storage/images/users/none.png', 'meregildo', 'meregildo@gmail.com', NULL, '$2y$10$FbrVCH9XpJw0hP83bnSK.exyQv/S5TqTkWjTa5JCDZyhVBtxenj2e', NULL, '2021-09-08 03:45:04', '2021-09-08 03:45:04');

-- --------------------------------------------------------

--
-- Estructura de tabla para la tabla `videos`
--

CREATE TABLE `videos` (
  `id` bigint(20) UNSIGNED NOT NULL,
  `user_id` bigint(20) UNSIGNED NOT NULL,
  `url` varchar(255) COLLATE utf8mb4_unicode_ci NOT NULL,
  `created_at` timestamp NULL DEFAULT NULL,
  `updated_at` timestamp NULL DEFAULT NULL
) ENGINE=InnoDB DEFAULT CHARSET=utf8mb4 COLLATE=utf8mb4_unicode_ci;

--
-- Volcado de datos para la tabla `videos`
--

INSERT INTO `videos` (`id`, `user_id`, `url`, `created_at`, `updated_at`) VALUES
(10, 13, 'http://localhost:8000/storage/videos/eljam2242113987.mp4', '2021-08-20 20:24:02', '2021-08-20 20:24:02'),
(11, 13, 'http://localhost:8000/storage/videos/eljam2234713871.mp4', '2021-08-20 20:24:06', '2021-08-20 20:24:06'),
(12, 14, 'http://localhost:8000/storage/videos/el_gato2226314659.mp4', '2021-08-20 20:27:46', '2021-08-20 20:27:46'),
(13, 13, 'http://localhost:8000/storage/videos/eljam2225913473.mp4', '2021-08-20 20:37:44', '2021-08-20 20:37:44');

-- --------------------------------------------------------

--
-- Estructura de tabla para la tabla `views`
--

CREATE TABLE `views` (
  `id` bigint(20) UNSIGNED NOT NULL,
  `video_id` bigint(20) UNSIGNED NOT NULL,
  `user_id` bigint(20) UNSIGNED NOT NULL,
  `created_at` timestamp NULL DEFAULT NULL,
  `updated_at` timestamp NULL DEFAULT NULL
) ENGINE=InnoDB DEFAULT CHARSET=utf8mb4 COLLATE=utf8mb4_unicode_ci;

--
-- Volcado de datos para la tabla `views`
--

INSERT INTO `views` (`id`, `video_id`, `user_id`, `created_at`, `updated_at`) VALUES
(2, 10, 13, '2021-08-21 19:34:11', '2021-08-21 19:34:11'),
(3, 10, 13, '2021-08-21 19:34:31', '2021-08-21 19:34:31'),
(4, 10, 13, '2021-08-21 19:37:16', '2021-08-21 19:37:16'),
(5, 13, 13, '2021-08-21 20:11:14', '2021-08-21 20:11:14'),
(6, 12, 13, '2021-08-21 20:11:36', '2021-08-21 20:11:36'),
(7, 13, 13, '2021-08-21 20:13:26', '2021-08-21 20:13:26'),
(8, 13, 13, '2021-08-24 17:33:37', '2021-08-24 17:33:37'),
(9, 13, 14, '2021-08-24 18:31:57', '2021-08-24 18:31:57'),
(10, 12, 14, '2021-08-24 20:32:09', '2021-08-24 20:32:09'),
(11, 12, 34, '2021-09-08 03:46:00', '2021-09-08 03:46:00'),
(12, 13, 34, '2021-09-08 03:47:17', '2021-09-08 03:47:17');

--
-- Índices para tablas volcadas
--

--
-- Indices de la tabla `failed_jobs`
--
ALTER TABLE `failed_jobs`
  ADD PRIMARY KEY (`id`),
  ADD UNIQUE KEY `failed_jobs_uuid_unique` (`uuid`);

--
-- Indices de la tabla `instagrams`
--
ALTER TABLE `instagrams`
  ADD PRIMARY KEY (`id`),
  ADD KEY `instagrams_user_id_foreign` (`user_id`);

--
-- Indices de la tabla `likes`
--
ALTER TABLE `likes`
  ADD PRIMARY KEY (`id`),
  ADD KEY `likes_video_id_foreign` (`video_id`),
  ADD KEY `likes_user_id_foreign` (`user_id`);

--
-- Indices de la tabla `migrations`
--
ALTER TABLE `migrations`
  ADD PRIMARY KEY (`id`);

--
-- Indices de la tabla `oauth_access_tokens`
--
ALTER TABLE `oauth_access_tokens`
  ADD PRIMARY KEY (`id`),
  ADD KEY `oauth_access_tokens_user_id_index` (`user_id`);

--
-- Indices de la tabla `oauth_auth_codes`
--
ALTER TABLE `oauth_auth_codes`
  ADD PRIMARY KEY (`id`),
  ADD KEY `oauth_auth_codes_user_id_index` (`user_id`);

--
-- Indices de la tabla `oauth_clients`
--
ALTER TABLE `oauth_clients`
  ADD PRIMARY KEY (`id`),
  ADD KEY `oauth_clients_user_id_index` (`user_id`);

--
-- Indices de la tabla `oauth_personal_access_clients`
--
ALTER TABLE `oauth_personal_access_clients`
  ADD PRIMARY KEY (`id`);

--
-- Indices de la tabla `oauth_refresh_tokens`
--
ALTER TABLE `oauth_refresh_tokens`
  ADD PRIMARY KEY (`id`),
  ADD KEY `oauth_refresh_tokens_access_token_id_index` (`access_token_id`);

--
-- Indices de la tabla `password_resets`
--
ALTER TABLE `password_resets`
  ADD KEY `password_resets_email_index` (`email`);

--
-- Indices de la tabla `users`
--
ALTER TABLE `users`
  ADD PRIMARY KEY (`id`),
  ADD UNIQUE KEY `users_user_name_unique` (`user_name`),
  ADD UNIQUE KEY `users_email_unique` (`email`);

--
-- Indices de la tabla `videos`
--
ALTER TABLE `videos`
  ADD PRIMARY KEY (`id`),
  ADD KEY `videos_user_id_foreign` (`user_id`);

--
-- Indices de la tabla `views`
--
ALTER TABLE `views`
  ADD PRIMARY KEY (`id`),
  ADD KEY `views_video_id_foreign` (`video_id`),
  ADD KEY `views_user_id_foreign` (`user_id`);

--
-- AUTO_INCREMENT de las tablas volcadas
--

--
-- AUTO_INCREMENT de la tabla `failed_jobs`
--
ALTER TABLE `failed_jobs`
  MODIFY `id` bigint(20) UNSIGNED NOT NULL AUTO_INCREMENT;

--
-- AUTO_INCREMENT de la tabla `instagrams`
--
ALTER TABLE `instagrams`
  MODIFY `id` bigint(20) UNSIGNED NOT NULL AUTO_INCREMENT;

--
-- AUTO_INCREMENT de la tabla `likes`
--
ALTER TABLE `likes`
  MODIFY `id` bigint(20) UNSIGNED NOT NULL AUTO_INCREMENT, AUTO_INCREMENT=45;

--
-- AUTO_INCREMENT de la tabla `migrations`
--
ALTER TABLE `migrations`
  MODIFY `id` int(10) UNSIGNED NOT NULL AUTO_INCREMENT, AUTO_INCREMENT=13;

--
-- AUTO_INCREMENT de la tabla `oauth_clients`
--
ALTER TABLE `oauth_clients`
  MODIFY `id` bigint(20) UNSIGNED NOT NULL AUTO_INCREMENT, AUTO_INCREMENT=3;

--
-- AUTO_INCREMENT de la tabla `oauth_personal_access_clients`
--
ALTER TABLE `oauth_personal_access_clients`
  MODIFY `id` bigint(20) UNSIGNED NOT NULL AUTO_INCREMENT, AUTO_INCREMENT=2;

--
-- AUTO_INCREMENT de la tabla `users`
--
ALTER TABLE `users`
  MODIFY `id` bigint(20) UNSIGNED NOT NULL AUTO_INCREMENT, AUTO_INCREMENT=35;

--
-- AUTO_INCREMENT de la tabla `videos`
--
ALTER TABLE `videos`
  MODIFY `id` bigint(20) UNSIGNED NOT NULL AUTO_INCREMENT, AUTO_INCREMENT=14;

--
-- AUTO_INCREMENT de la tabla `views`
--
ALTER TABLE `views`
  MODIFY `id` bigint(20) UNSIGNED NOT NULL AUTO_INCREMENT, AUTO_INCREMENT=13;

--
-- Restricciones para tablas volcadas
--

--
-- Filtros para la tabla `instagrams`
--
ALTER TABLE `instagrams`
  ADD CONSTRAINT `instagrams_user_id_foreign` FOREIGN KEY (`user_id`) REFERENCES `users` (`id`) ON DELETE CASCADE;

--
-- Filtros para la tabla `likes`
--
ALTER TABLE `likes`
  ADD CONSTRAINT `likes_user_id_foreign` FOREIGN KEY (`user_id`) REFERENCES `users` (`id`) ON DELETE CASCADE,
  ADD CONSTRAINT `likes_video_id_foreign` FOREIGN KEY (`video_id`) REFERENCES `videos` (`id`) ON DELETE CASCADE;

--
-- Filtros para la tabla `videos`
--
ALTER TABLE `videos`
  ADD CONSTRAINT `videos_user_id_foreign` FOREIGN KEY (`user_id`) REFERENCES `users` (`id`) ON DELETE CASCADE;

--
-- Filtros para la tabla `views`
--
ALTER TABLE `views`
  ADD CONSTRAINT `views_user_id_foreign` FOREIGN KEY (`user_id`) REFERENCES `users` (`id`) ON DELETE CASCADE,
  ADD CONSTRAINT `views_video_id_foreign` FOREIGN KEY (`video_id`) REFERENCES `videos` (`id`) ON DELETE CASCADE;
COMMIT;

/*!40101 SET CHARACTER_SET_CLIENT=@OLD_CHARACTER_SET_CLIENT */;
/*!40101 SET CHARACTER_SET_RESULTS=@OLD_CHARACTER_SET_RESULTS */;
/*!40101 SET COLLATION_CONNECTION=@OLD_COLLATION_CONNECTION */;
